id,frame,x [nm],y [nm],sigma [nm],intensity [photon],offset [photon],bkgstd [photon],uncertainty_xy [nm]
0,528,1260.413,1253.344,128.84,13713,115,0,1.68
1,532,1272.379,1269.757,133.18,14446,103,0,1.62
2,533,1270.391,1269.985,130.82,13951,111,0,1.63
3,746,1267.185,1274.596,131.21,6878,118,0,2.72
4,3662,1290.574,1267.849,134.48,23585,98,0,1.2
5,394,1289.499,1277.461,133.7,38625,107,0,0.89
6,395,1273.51,1273.209,133.47,36292,117,0,0.93
7,396,1278.62,1278.64,133.33,38128,109,0,0.9
8,397,1284.48,1280.519,134.19,38725,110,0,0.9
9,525,1283.645,1287.299,130.24,13873,112,0,1.63
10,527,1287.967,1287.21,135.48,14676,96,0,1.64
11,529,1253.804,1288.484,135.39,14638,103,0,1.65
12,530,1277.532,1290.856,136.86,15236,93,0,1.62
13,531,1290.673,1280.337,132.24,14306,104,0,1.62
14,534,1265.749,1274.896,136.15,15575,84,0,1.62
15,535,1270.555,1270.476,134.21,14395,104,0,1.65
16,748,1276.727,1286.704,127.63,6889,110,0,2.55
17,3660,1290.541,1273.745,132.01,22875,113,0,1.21
18,3661,1274.661,1282.356,131.5,13045,104,0,1.7
19,3663,1275.925,1276.854,134.21,22584,113,0,1.26
20,3664,1295.266,1275.038,132.33,23137,111,0,1.2
21,7177,1282.409,1272.638,136.99,23148,103,0,1.25
22,7178,1281.13,1290.199,135.2,14665,100,0,1.64
23,7179,1256.355,1274.246,134.97,22941,100,0,1.23
24,749,1268.696,1279.673,131.99,7441,100,0,2.51
25,6887,1275.787,1270.471,135.69,9237,92,0,2.22
26,2342,1275.147,1286.781,135.55,23253,96,0,1.24
27,2343,1287.89,1268.381,134.45,11797,97,0,1.88
28,2344,1289.534,1271.929,134.04,22597,109,0,1.28
29,2345,1298.132,1268.888,133.38,22457,110,0,1.25
30,2346,1268.163,1278.776,133.54,22130,111,0,1.27
31,2347,1275.643,1277.153,132.17,22262,109,0,1.25
32,2348,1273.188,1276.246,136.66,23590,96,0,1.23
33,2349,1287.666,1280.255,133.19,22775,103,0,1.22
34,2350,1289.116,1291.407,132.46,22329,110,0,1.26
35,2351,1314.235,1280.747,137.77,23719,89,0,1.25
36,2352,1281.136,1281.445,136.05,23678,94,0,1.23
37,3852,1282.045,1291.975,138.77,17265,87,0,1.53
38,6690,1267.937,1258.065,131.94,17719,106,0,1.42
39,6890,1281.942,1284.48,136.69,9540,92,0,2.22
40,6891,1267.799,1269.97,136.08,9415,93,0,2.22
41,6894,1264.805,1286.404,133.13,8555,107,0,2.39
42,7058,1280.882,1288.713,135.51,13622,103,0,1.78
43,7060,1277.357,1279.919,136.29,14201,91,0,1.76
44,7061,1280.946,1274.366,137.68,14355,93,0,1.75
45,7063,1273.397,1282.398,130.61,12980,110,0,1.72
46,7064,1285.981,1279.877,131.86,13316,110,0,1.74
47,7065,1281.055,1283.842,133.81,13925,95,0,1.7
48,7067,1292.405,1274.52,136.28,13758,105,0,1.76
49,7066,1284.019,1285.786,132.22,13539,100,0,1.76
50,6889,1279.568,1278.826,125.83,8096,113,0,2.25
51,6892,1274.603,1275.258,143.85,10975,69,0,2.15
52,6893,1284.582,1284.209,131.21,8783,108,0,2.26
53,7059,1277.048,1277.828,134.22,6722,101,0,2.8
54,7062,1284.523,1299.117,136.15,13900,96,0,1.73
55,7068,1251.089,1270.867,136.15,13647,99,0,1.76
56,294,1284.34,1288.057,136.83,17212,91,0,1.52
57,295,1279.69,1284.633,147.63,7331,76,0,3
58,299,1282.011,1278.104,132.74,16694,100,0,1.5
59,301,1287.029,1289.803,130.73,15773,111,0,1.54
60,302,1262.478,1279.316,135.02,16364,102,0,1.57
61,303,1267.804,1288.356,136.73,17097,93,0,1.53
62,304,1279.642,1274.321,134.18,16191,105,0,1.59
63,2039,1275.41,1288.014,126.87,7440,106,0,2.41
64,4057,1287.313,1276.639,133.08,6129,92,0,2.92
65,4062,1276.059,1277.758,135.27,7927,92,0,2.49
66,4064,1286.99,1264.865,136.97,8144,89,0,2.5
67,4066,1274.377,1277.495,134.49,7970,94,0,2.48
68,6468,1289.43,1289.845,134.67,23536,104,0,1.24
69,6471,1262.694,1288.439,136.19,24024,98,0,1.25
70,6473,1282.282,1275.967,135,23313,94,0,1.25
71,6474,1283.842,1278.744,132.93,23335,103,0,1.22
72,6476,1288.983,1281.284,132.42,22911,112,0,1.24
73,296,1296.754,1287.576,134.37,17089,94,0,1.5
74,297,1276.799,1274.597,138.23,17753,84,0,1.51
75,298,1285.012,1281.136,130.57,15543,116,0,1.56
76,300,1287.917,1285.351,132.01,15919,107,0,1.55
77,2034,1271.922,1286.509,131.79,7753,102,0,2.47
78,4058,1274.668,1275.623,125.25,7345,106,0,2.41
79,4059,1298.618,1276.36,132.13,7521,98,0,2.53
80,4060,1288.266,1275.476,131.45,7311,104,0,2.58
81,4061,1293.284,1290.236,133.83,7615,104,0,2.59
82,4063,1265.666,1278.494,141.64,8963,73,0,2.39
83,4067,1278.185,1259.881,132.66,7570,102,0,2.59
84,4069,1273.512,1305.452,132.51,7542,100,0,2.59
85,6469,1259.975,1271.378,137.81,15880,91,0,1.64
86,6470,1275.027,1290.504,133.94,22861,108,0,1.25
87,6472,1279.834,1271.492,133.25,23028,104,0,1.23
88,6475,1293.859,1298.586,135.77,23453,100,0,1.26
89,2037,1256.061,1276.838,132.2,7639,100,0,2.52
90,2038,1273.062,1279.536,138.77,8961,82,0,2.39
91,2040,1259.479,1283.494,128.17,7316,110,0,2.52
92,4056,1288.746,1273.69,139.93,8250,92,0,2.59
93,4065,1280.427,1282.561,133.26,7643,98,0,2.54
94,4070,1287.429,1292.245,130.39,7490,100,0,2.51
95,6477,1297.981,1261.139,132.73,22641,112,0,1.25
96,2036,1283.927,1283.725,142.27,9097,83,0,2.48
97,84,1309.108,1280.052,138.02,10653,93,0,2.09
98,3140,1280.344,1267.049,125.09,4523,104,0,3.35
99,74,1282.253,1279.986,139.09,10648,87,0,2.24
100,79,1285.937,1289.003,129.63,9536,103,0,2.08
101,80,1288.617,1290.195,132.87,9915,102,0,2.11
102,76,1279.425,1286.155,136.03,10342,92,0,2.09
103,77,1279.298,1286.749,132.04,9759,101,0,2.1
104,78,1290.204,1280.983,129.34,9303,109,0,2.12
105,81,1284.501,1286.791,134.42,9893,102,0,2.15
106,82,1273.515,1269.011,135.66,10529,92,0,2.06
107,83,1289.939,1282.487,135.11,10342,87,0,2.05
108,2699,1280.06,1283.672,134.17,22037,98,0,1.27
109,4867,1281.33,1287.056,140.85,13906,84,0,1.77
110,4869,1259.556,1282.498,131.38,12549,112,0,1.76
111,7145,1276.998,1289.258,130.58,8283,101,0,2.28
112,4866,1270.704,1274.704,130.85,12523,109,0,1.74
113,115,1290.956,1264.074,131.26,16232,102,0,1.47
114,1070,1289.016,1272.428,137.18,25876,87,0,1.16
115,1071,1282.113,1271.856,135.15,12720,104,0,1.81
116,1072,1271.059,1298.246,132.93,24351,112,0,1.18
117,1073,1280.11,1291.988,136.16,25451,94,0,1.22
118,3126,1299.349,1267.563,136.1,27976,88,0,1.09
119,3128,1278.512,1282.518,133.23,26283,117,0,1.13
120,3129,1287.493,1290.912,131.99,26118,111,0,1.11
121,3130,1271.292,1301.765,133.09,27249,101,0,1.08
122,3131,1284.153,1281.178,134.14,27515,102,0,1.1
123,4863,1278.629,1273.294,134.27,13055,98,0,1.75
124,4864,1265.287,1276.877,132.27,9608,101,0,2.1
125,4865,1284.301,1279.992,139.47,14359,82,0,1.7
126,4868,1283.795,1283.139,136.38,13760,95,0,1.72
127,4933,1286.532,1278.711,136.51,40711,109,0,0.9
128,4934,1271.755,1263.175,136.33,20312,97,0,1.34
129,4935,1293.213,1281.359,133.88,39954,118,0,0.88
130,4936,1278.099,1279.388,135.53,41197,94,0,0.87
131,4937,1286.005,1292.731,132.84,39023,129,0,0.89
132,6922,1285.553,1291.925,134.44,9305,104,0,2.22
133,7088,1279.523,1276.925,132.17,13266,106,0,1.71
134,7142,1280.887,1285.737,130.4,8228,106,0,2.37
135,7144,1277.082,1281.131,136.8,9116,93,0,2.27
136,7146,1288.192,1262.969,135.03,9225,95,0,2.21
137,7148,1277.402,1281.385,127.4,8027,106,0,2.27
138,7147,1268.014,1263.776,137.67,9437,85,0,2.2
139,6586,1276.483,1262.381,129.77,8116,105,0,2.33
140,4167,1288.241,1280.033,137.51,19087,90,0,1.49
141,6136,1297.73,1273.756,138.8,35007,76,0,0.99
142,6137,1280.275,1292.254,135.62,17785,96,0,1.49
143,6138,1279.681,1282.466,134.24,32360,118,0,1.02
144,6139,1278.29,1281.11,138.61,34659,85,0,1.01
145,6140,1292.587,1275.416,135.92,34116,91,0,0.98
146,6588,1284.277,1265.405,128.58,8084,114,0,2.34
147,5541,1269.103,1262.618,135.08,18602,104,0,1.45
148,5538,1289.056,1273.782,137.9,19196,94,0,1.49
149,5540,1284.066,1275.583,139.39,19836,92,0,1.44
150,5543,1270.631,1281.035,136.47,19236,90,0,1.42
151,5544,1288.502,1280.982,130.72,18054,110,0,1.41
152,5545,1275.85,1276.666,134.29,18858,96,0,1.4
153,5546,1281.012,1271.782,137.74,19027,98,0,1.45
154,5536,1273.073,1273.461,133.94,18195,104,0,1.45
155,5539,1289.389,1273.532,133.56,18413,107,0,1.43
156,5542,1288.198,1268.522,132.82,18101,106,0,1.46
157,5547,1272.982,1295.944,133.03,18424,108,0,1.42
158,3041,1277.589,1274.149,135.85,16631,102,0,1.55
159,3043,1283.771,1294.988,134.37,16108,109,0,1.57
160,5015,1276.641,1284.436,131.67,6963,103,0,2.66
161,152,1278.414,1273.248,136.53,20113,101,0,1.37
162,153,1265.763,1289.507,134.17,7908,99,0,2.49
163,154,1275.175,1293.363,131.73,19343,108,0,1.35
164,155,1280.465,1278.934,133.48,19426,108,0,1.37
165,156,1290.951,1270.708,131.52,19189,114,0,1.35
166,157,1277.6,1276.59,133.47,19528,106,0,1.37
167,158,1296.366,1276.121,133.28,19629,104,0,1.35
168,1310,1286.455,1278.406,131.36,28975,123,0,1.06
169,1311,1286.797,1282.086,134.95,27368,101,0,1.12
170,1312,1293.282,1280.187,135.88,30968,93,0,1.04
171,1313,1291.078,1285.801,135.51,30797,102,0,1.05
172,1314,1280.453,1264.25,135.32,30533,96,0,1.1
173,1315,1275.59,1264.177,132.77,30291,107,0,1.03
174,1316,1282.314,1292.05,133.77,30071,104,0,1.05
175,1317,1285.94,1282.119,137.4,31644,87,0,1.06
176,1318,1280.659,1278.653,131.27,28878,122,0,1.07
177,1319,1271.354,1285.669,135.3,30948,99,0,1.04
178,1320,1291.421,1281.766,134.37,30508,109,0,1.05
179,3044,1281.98,1285.041,130.19,15841,105,0,1.49
180,3045,1284.178,1291.752,137.07,17772,85,0,1.46
181,3323,1277.559,1275.243,133.59,14485,100,0,1.67
182,3325,1266.874,1285.052,133.76,14519,99,0,1.64
183,3326,1290.467,1293.21,138.62,15407,84,0,1.63
184,3982,1280.443,1275.202,132.77,12369,106,0,1.82
185,3983,1284.655,1287.522,137.54,7876,89,0,2.61
186,3984,1281.269,1265.663,137.38,12970,97,0,1.84
187,3985,1276.921,1287.116,137.2,12856,100,0,1.85
188,3986,1289.103,1284.102,133.54,13061,93,0,1.76
189,3987,1266.62,1274.621,133,12502,103,0,1.8
190,5014,1260.048,1280.649,128.4,5275,98,0,3.12
191,5016,1277.969,1262.24,132.87,7556,97,0,2.51
192,638,1282.825,1272.638,142.7,14363,80,0,1.76
193,3895,1282.275,1274.02,134.89,18630,95,0,1.39
194,3897,1282.98,1272.562,132.39,17547,110,0,1.43
195,3898,1277.898,1288.927,136.32,18852,91,0,1.4
196,4640,1281.682,1272.158,136.77,30031,97,0,1.07
197,4641,1299.913,1277.507,141.09,8910,87,0,2.4
198,4642,1281.025,1281.028,130.87,27704,133,0,1.08
199,4643,1275.855,1264.227,133.23,28410,117,0,1.08
200,4894,1280.733,1284.716,133.78,26342,107,0,1.12
201,4896,1271.266,1291.802,134.07,26103,108,0,1.13
202,4897,1296.218,1267.927,133.63,26048,109,0,1.13
203,4898,1289.01,1261.563,133.33,25791,110,0,1.15
204,4899,1292.904,1304.266,133.15,25594,115,0,1.14
205,4900,1264.035,1285.202,131.36,25673,111,0,1.11
206,1407,1261.557,1279.277,134.58,23064,101,0,1.24
207,1409,1281.911,1262.593,138.4,24052,92,0,1.26
208,1410,1272.008,1270.823,133.12,22457,115,0,1.28
209,1411,1289.373,1268.534,133.2,22997,111,0,1.24
210,1414,1295.616,1298.529,133.48,22694,105,0,1.24
211,1415,1282.638,1274.465,132.81,22749,108,0,1.23
212,6247,1272.473,1268.381,137.1,15739,91,0,1.71
213,6249,1272.623,1266.122,132.78,15209,109,0,1.6
214,6869,1274.198,1273.898,131.86,22480,121,0,1.24
215,6875,1275.565,1317.187,135.28,37807,103,0,0.93
216,6876,1289.789,1275.163,135.23,37702,110,0,0.94
217,7200,1282.488,1281.016,135.01,19876,101,0,1.37
218,1400,1272.13,1259.374,135.12,22925,107,0,1.27
219,1401,1287.079,1277.256,131.99,10644,95,0,1.96
220,1402,1274.206,1258.859,135.96,23961,91,0,1.22
221,1403,1283.68,1296.768,135.87,23315,103,0,1.26
222,1404,1296.12,1264.158,130.36,22235,115,0,1.22
223,1405,1267.822,1282.825,135.61,23233,104,0,1.26
224,1408,1296.67,1265.792,133.37,23383,100,0,1.21
225,1412,1299.872,1279.412,134.03,22469,113,0,1.27
226,1413,1288.859,1273.874,134.07,23175,100,0,1.23
227,1416,1285.39,1283.343,135.16,23583,92,0,1.22
228,1417,1271.463,1268.91,135.84,23296,98,0,1.25
229,6248,1279.204,1298.045,128.71,14676,116,0,1.56
230,6868,1294.521,1250.863,135.12,37694,110,0,0.93
231,6870,1262.413,1295.36,136.56,38127,99,0,0.94
232,6871,1290.57,1279.417,134.47,37456,111,0,0.94
233,6872,1267.573,1282.956,135.08,38364,99,0,0.92
234,6873,1306.401,1262.592,131.55,36459,124,0,0.93
235,6874,1278.408,1277.562,137.92,40029,77,0,0.92
236,1406,1281.125,1298.22,138.58,23870,90,0,1.26
237,6246,1287.584,1280.588,134.78,15969,96,0,1.57
238,3824,1262.027,1287.426,132.54,25788,116,0,1.13
239,3825,1279.306,1275.659,131.35,18396,117,0,1.38
240,3826,1278.807,1280.279,134.26,26230,117,0,1.14
241,3827,1277.775,1256.878,134.53,26616,109,0,1.13
242,3828,1286.508,1274.59,131.16,25270,130,0,1.14
243,3829,1274.473,1276.834,135.5,27226,98,0,1.11
244,3916,1271.009,1273.57,134.17,18168,102,0,1.41
245,3917,1273.126,1281.849,132.92,17711,111,0,1.44
246,3918,1283.244,1269.451,137.08,19167,89,0,1.39
247,3919,1265.318,1283.077,135.13,18614,99,0,1.41
248,3920,1268.504,1268.392,134.24,18277,109,0,1.42
249,3921,1273.07,1278.258,132.35,17729,114,0,1.42
250,3922,1278.618,1273.312,135.72,18498,102,0,1.43
251,3923,1289.192,1262.651,135.61,18962,95,0,1.39
252,3924,1284.075,1263.505,133.88,18132,106,0,0.96
253,3925,1291.321,1284.248,135.12,18250,102,0,1.43
254,3926,1279.421,1278.833,133.02,18088,112,0,1.42
255,3927,1265.053,1296.774,129.58,16927,124,0,1.44
256,3928,1283.779,1262.906,132.12,17987,105,0,1.39
257,3929,1295.694,1284.595,132.44,17682,113,0,1.44
258,3931,1284.893,1266.774,134.11,18335,101,0,1.4
259,3932,1284.201,1283.133,131.99,17959,115,0,1.41
260,3933,1286.308,1300.686,134.59,18526,101,0,1.4
261,3934,1280.565,1268.657,132.88,18133,103,0,1.84
262,3935,1255.916,1276.26,138.42,19503,84,0,1.4
263,3936,1278.714,1279.119,135.05,18580,100,0,1.4
264,4272,1287.705,1279.746,135.36,22922,100,0,1.24
265,4274,1289.469,1289.734,130.25,21339,129,0,1.26
266,4275,1289.42,1281.354,130.2,21638,128,0,1.24
267,4276,1278.787,1275.169,134.67,23183,102,0,1.22
268,4277,1276.508,1274.116,137.21,23095,98,0,1.26
269,4278,1297.819,1274.513,138.08,24199,83,0,1.21
270,5322,1283.682,1258.657,135.96,11269,90,0,2.02
271,5324,1279.679,1262.945,136.36,11389,88,0,1.93
272,5876,1266.21,1264.835,132.92,7013,100,0,2.77
273,5878,1280.973,1276.66,135.6,7180,101,0,2.69
274,5880,1276.754,1276.606,133.79,7111,97,0,2.63
275,3914,1283.031,1253.368,133.18,18255,103,0,1.39
276,3915,1274.029,1291.861,135.75,18331,88,0,1.41
277,3930,1270.029,1295.116,138.79,19149,95,0,1.43
278,5323,1285.685,1266.211,131.82,4997,94,0,3.29
279,5325,1272.149,1281.721,131.68,10676,102,0,1.94
280,5879,1272.071,1285.208,131.28,7045,100,0,2.57
281,2748,1285.536,1268.027,133.48,24946,109,0,1.17
282,2750,1298.096,1291.005,134.52,25986,97,0,1.14
283,2751,1272.498,1265.38,133.92,24970,110,0,1.19
284,7404,1286.511,1276.678,132.72,18489,107,0,1.4
285,6493,1280.042,1277.944,141.62,6708,83,0,2.91
286,2683,1271.912,1282.117,139.32,15295,90,0,1.65
287,2685,1277.718,1258.512,130.96,13746,114,0,1.72
288,5284,1284.388,1282.917,133.76,23561,103,0,1.2
289,5285,1281.526,1274.797,135.11,21389,99,0,1.29
290,5286,1267.875,1288.36,133.47,22658,110,0,1.23
291,5287,1262.453,1285.143,134.87,23396,99,0,1.21
292,5288,1273.243,1279.108,133.75,23282,106,0,1.21
293,5289,1271.335,1284.885,135.25,23630,102,0,1.21
294,5290,1281.494,1297.958,130.61,22323,124,0,1.22
295,5291,1277.274,1270.019,134.53,23077,108,0,1.23
296,6490,1283.498,1294.336,131.74,5711,94,0,2.98
297,6491,1287.59,1293.493,128.1,5306,98,0,3.11
298,6492,1291.795,1276.085,135.57,6170,91,0,2.93
299,6981,1257.074,1294.315,133.34,18101,103,0,1.4
300,6983,1273.932,1290.402,133.11,17639,107,0,1.41
301,6984,1261.874,1269.003,130.21,16886,120,0,1.45
302,6985,1261.68,1294.993,132.84,18090,104,0,1.4
303,5207,1249.838,1276.536,128.54,7338,107,0,2.49
304,5999,1300.443,1272.576,129.77,16028,117,0,1.5
305,6000,1287.309,1267.337,134.66,22677,103,0,1.26
306,6001,1270.155,1270.776,133.49,22761,110,0,1.25
307,6005,1283.288,1281.835,131.25,22114,111,0,1.24
308,6006,1249.072,1287.896,134.64,23023,89,0,1.23
309,6007,1279.553,1258.324,137.32,23530,97,0,1.27
310,6009,1257.866,1277.53,135.38,22760,104,0,1.27
311,6010,1281.899,1270.285,135.88,23724,87,0,1.22
312,6011,1281.252,1284.085,131.29,21388,122,0,1.27
313,6850,1275.759,1268.268,137.24,11507,93,0,1.98
314,5206,1296.999,1291.354,136.61,37958,98,0,0.94
315,5208,1275.639,1276.524,137.22,38220,93,0,0.95
316,5209,1304.507,1293.587,133.46,36762,112,0,0.94
317,5210,1255.789,1283.141,134.97,37181,102,0,0.94
318,5211,1291.836,1281.746,134.51,37200,105,0,0.94
319,5998,1288.494,1274.42,134.69,23229,90,0,1.21
320,6002,1275.013,1287.94,135.8,23541,92,0,1.24
321,6003,1299.434,1278.09,135.02,22773,105,0,1.27
322,6004,1278.58,1275.369,135.33,23237,96,0,1.24
323,6008,1266.69,1288.087,135.32,23253,98,0,1.24
324,6012,1273.161,1284.852,136.88,23685,91,0,1.24
325,6848,1283.814,1277.57,128.2,9142,114,0,2.14
326,709,1280.188,1284.372,135.86,28156,100,0,1.11
327,713,1281.575,1272.442,136.51,28673,89,0,1.13
328,1834,1270.635,1282.75,137.44,22499,92,0,1.29
329,2911,1298.961,1297.025,132.86,12866,101,0,1.75
330,2913,1276.486,1284.181,137.42,20046,92,0,1.39
331,2914,1285.671,1277.344,138.25,20702,80,0,1.35
332,2915,1286.132,1267.454,132.86,18911,104,0,1.38
333,2916,1279.941,1268.913,132.41,19271,107,0,1.36
334,5278,1284.013,1266.663,135.5,9854,96,0,2.15
335,5279,1277.954,1267.711,133.29,28655,104,0,1.07
336,5280,1284.027,1274.521,134.38,27884,118,0,1.12
337,5281,1298.892,1266.259,132.61,27728,115,0,1.09
338,5282,1278.078,1291.183,131.6,26855,117,0,1.11
339,6418,1275.558,1275.057,138.3,18261,80,0,1.49
340,6419,1270.122,1289.799,139.41,10906,85,0,2.07
341,6420,1276.961,1264.118,130.09,15587,121,0,1.54
342,6422,1283.824,1277.304,130.8,16049,115,0,1.51
343,6424,1287.977,1280.413,132.67,16569,110,0,1.5
344,6426,1302.256,1284.154,135.73,16808,102,0,1.53
345,6427,1271.468,1296.071,130.7,16009,110,0,1.5
346,6428,1284.386,1284.97,133.08,16551,108,0,1.51
347,6429,1287.767,1292.675,133.46,17038,101,0,1.47
348,6430,1292.686,1295.732,133.46,16362,111,0,1.54
349,6431,1282.729,1268.216,134.54,16987,96,0,1.52
350,6432,1274.706,1267.145,134.07,16875,104,0,1.5
351,6433,1284.455,1287.764,134.54,16894,99,0,1.5
352,2910,1266.879,1293.02,135.2,19332,106,0,1.4
353,2912,1277.197,1291.988,134.09,19008,103,0,1.41
354,2917,1287.581,1278.835,132.87,18980,109,0,1.38
355,5277,1273.667,1271.297,135.19,28730,98,0,1.09
356,6421,1271.994,1294.099,133.01,16932,102,0,1.48
357,6425,1303.941,1284.77,135.15,16853,105,0,1.53
358,6434,1281.306,1260.859,132.3,15946,115,0,1.55
359,6435,1272.057,1293.214,129.54,16176,104,0,1.46
360,6436,1269.024,1294.253,132.09,16699,101,0,1.49
361,711,1279.798,1278.505,136.34,33962,104,0,1.01
362,6423,1266.954,1288.849,128.4,16171,109,0,1.45
363,681,1282.791,1294.623,134.68,10430,92,0,2.06
364,675,1266.839,1278.893,129.51,9576,106,0,2.08
365,682,1267.705,1289.551,132.32,9595,101,0,2.13
366,685,1279.496,1273.214,131.79,9390,110,0,2.18
367,1062,1280.322,1272.588,134.53,10308,96,0,2.15
368,1875,1264.637,1297.756,132.89,15572,111,0,1.58
369,6852,1275.224,1289.421,129.34,13051,114,0,1.7
370,6858,1294.226,1289.004,133.48,13590,106,0,1.72
371,6856,1278.872,1270.945,131.78,13142,109,0,1.73
372,677,1288.524,1290.316,135.21,9607,101,0,2.2
373,678,1289.017,1268.592,137.07,10364,91,0,2.1
374,679,1281.047,1274.581,129.41,9152,112,0,2.16
375,683,1286.864,1272.733,138.49,10585,85,0,2.14
376,684,1298.324,1288.462,135.36,10104,94,0,2.08
377,686,1273.363,1268.502,133.49,9760,102,0,2.13
378,687,1275.838,1287.778,134.18,9716,101,0,2.15
379,688,1282.586,1287.557,132.06,10161,100,0,2.03
380,1057,1291.747,1289.697,132.51,9964,102,0,2.08
381,1059,1290.27,1287.48,128.41,9498,110,0,2.13
382,1060,1258.405,1271.179,129.02,9529,113,0,2.09
383,1061,1287.507,1283.968,132.48,9925,107,0,2.1
384,1063,1284.966,1276.337,131.67,10002,101,0,2.05
385,1064,1278.621,1282.965,126.66,9176,116,0,2.12
386,1877,1291.304,1279.714,133.57,15978,103,0,1.58
387,1878,1281.693,1269.387,130.23,15450,113,0,1.53
388,1879,1294.808,1263.327,134.01,16395,98,0,1.51
389,1880,1276.196,1278.398,130.98,15002,117,0,1.58
390,6851,1309.536,1277.804,134.97,14120,91,0,1.67
391,6853,1291.646,1279.506,137.19,14047,97,0,1.74
392,6854,1289.668,1264.594,142.25,15679,74,0,1.7
393,6855,1290.427,1277.861,133.77,13405,109,0,1.74
394,6857,1276.758,1276.118,135.49,13773,96,0,1.72
395,6859,1287.099,1282.513,140.45,14581,91,0,1.75
396,2139,1293.305,1284.879,132.77,21516,118,0,1.31
397,5961,1266.345,1293.505,131.83,13829,102,0,1.69
398,2145,1284.926,1279.268,133.91,21897,107,0,1.29
399,4884,1269.824,1276.838,136.45,21387,105,0,1.36
400,815,1296.178,1277.947,135.35,33202,105,0,1.02
401,817,1275.33,1270.051,134.89,32818,99,0,0.95
402,818,1289.922,1285.529,133.39,32587,105,0,1.03
403,819,1291.283,1298.74,136.06,33431,92,0,1.02
404,820,1257.911,1268.495,135.44,33311,101,0,1.02
405,821,1298.562,1280.3,134.11,33002,106,0,1.04
406,2141,1285.717,1272.52,135.66,22346,109,0,1.34
407,2142,1298.42,1269.177,133.56,22597,102,0,1.28
408,2148,1276.071,1281.132,135.35,22443,98,0,1.28
409,4883,1273.293,1268.574,134.95,22834,101,0,1.27
410,5960,1295.154,1302.622,132.23,18133,109,0,1.46
411,6215,1278.848,1261.32,133.04,25501,115,0,1.17
412,6799,1283.08,1297.324,135.16,29303,108,0,1.1
413,6800,1267.478,1273.169,134.58,22447,104,0,1.28
414,6802,1276.934,1286.123,134.67,29137,106,0,1.1
415,6803,1278.802,1287.042,134.41,29309,110,0,1.09
416,6804,1284.864,1278.775,136.69,30333,94,0,1.09
417,6805,1281.356,1269.517,137.66,30838,83,0,1.08
418,812,1276.107,1266.99,134.71,32719,108,0,1.03
419,814,1265.613,1274.536,133.49,32255,113,0,1.04
420,816,1303.731,1289.753,134.61,32652,107,0,1.05
421,822,1276.07,1272.425,136.84,34363,93,0,1.01
422,823,1283.377,1271.736,134.44,32689,110,0,1.03
423,824,1272.139,1282.055,133.93,32422,115,0,1.03
424,2143,1273.794,1281.621,137.26,23084,98,0,1.32
425,2144,1281.674,1280.299,134.56,22604,97,0,1.26
426,2146,1275.707,1274.629,133.54,22192,112,0,1.28
427,2147,1294.322,1279.372,133.01,21864,114,0,1.29
428,4885,1280.042,1296.104,131.79,21574,121,0,1.29
429,5962,1297.938,1261.906,132.2,17856,112,0,1.45
430,5963,1272.773,1300.337,132.69,18789,102,0,1.4
431,6212,1280.543,1280.881,134.12,25719,116,0,1.19
432,6213,1283.821,1284.813,135.54,7532,96,0,2.68
433,6214,1256.935,1282.537,133.12,26119,106,0,1.15
434,6801,1305.509,1268.07,137.4,30240,97,0,1.1
435,1401,1288.415,1284.319,127.95,5239,100,0,3.11
436,1403,1275.952,1281.09,131.67,19570,124,0,1.37
437,1404,1281.707,1299.397,135.21,20656,105,0,1.27
438,1405,1275.109,1282.158,137.45,21357,90,0,1.35
439,1407,1272.714,1289.421,133.82,20419,106,0,1.35
440,1409,1274.065,1281.767,134.08,20646,101,0,1.34
441,6199,1301.027,1285.257,135.95,21001,89,0,1.34
442,6200,1283.339,1301.606,136.6,22879,89,0,1.28
443,6741,1283.048,1274.32,137.25,16045,88,0,1.59
444,7411,1286.401,1291.426,137.22,23276,91,0,1.27
445,7413,1271.987,1263.277,132.93,21814,110,0,1.28
446,7416,1270.272,1264.48,133.83,21733,114,0,1.31
447,7421,1275.475,1278.399,131.31,21215,126,0,1.31
448,7423,1281.839,1289.656,136.67,22844,97,0,1.32
449,7427,1291.969,1284.188,136.48,22830,102,0,1.3
450,1402,1290.56,1304.439,133.58,19724,113,0,1.36
451,1408,1262.606,1269.956,133.54,20347,97,0,1.36
452,1410,1278.99,1266.536,137.91,21692,85,0,1.32
453,6198,1284.245,1280.648,138.63,23257,78,0,1.31
454,6201,1278.98,1290.06,133.43,21209,108,0,1.31
455,6202,1281.512,1250.959,135.68,21973,95,0,1.3
456,7007,1275.753,1262.092,135.2,46216,111,0,0.84
457,7414,1281.785,1276.625,134.21,22721,101,0,1.26
458,7415,1292.972,1280.495,135.95,23204,94,0,1.26
459,7417,1281.31,1270.656,134.61,22583,100,0,1.28
460,7418,1288.481,1282.444,135.89,22962,98,0,1.28
461,7419,1272.048,1281.526,134.5,22311,102,0,1.28
462,7420,1283.235,1282.369,133.61,22289,102,0,1.26
463,7422,1282.301,1290.2,133.6,22035,108,0,1.3
464,7424,1278.95,1257.4,130.52,21766,114,0,1.25
465,7425,1289.495,1280.256,138,23496,90,0,1.28
466,7426,1274.017,1281.318,136.5,23203,93,0,1.27
467,1400,1272.964,1278.462,135.33,20865,91,0,1.33
468,1406,1288.839,1284.859,135.2,20709,101,0,1.35
469,3230,1268.327,1290.286,132.25,9941,102,0,2.08
470,7005,1284.147,1286.219,142.17,13370,83,0,1.87
471,3227,1282.551,1284.691,133.67,9951,98,0,2.17
472,3228,1273.078,1283.289,134.81,10089,89,0,2.08
473,3229,1272.495,1268.784,128.42,8948,117,0,2.18
474,3231,1284.559,1280.807,137.63,10491,94,0,2.16
475,3234,1283.906,1294.297,135.37,9919,99,0,2.19
476,3917,1287.814,1270.543,137.53,29218,89,0,1.09
477,3919,1277.522,1284.254,133.46,27544,107,0,1.1
478,3920,1267.947,1298.314,135.15,28339,97,0,1.08
479,4886,1273.019,1277.121,135.3,24718,99,0,1.2
480,4888,1294.935,1266.939,137,24939,90,0,1.2
481,4889,1271.45,1284.673,133.4,24126,104,0,1.19
482,4890,1286.684,1292.676,132.62,23630,109,0,1.2
483,4891,1295.982,1257.656,131.3,23278,118,0,1.2
484,4892,1293.649,1284.358,135.51,23884,106,0,1.22
485,4893,1273.983,1290.579,134.05,24156,108,0,1.25
486,4894,1293.289,1270.755,137.3,24789,89,0,1.21
487,6507,1269.067,1292.299,132.12,24342,112,0,1.18
488,6509,1282.916,1284.68,135.18,24713,104,0,1.2
489,6510,1270.395,1271.757,135.88,25330,93,0,1.17
490,6511,1292.979,1276.881,135.07,25079,101,0,1.18
491,6513,1272.462,1275.752,137.49,25283,97,0,1.24
492,6996,1283.369,1289.814,130.4,11380,116,0,1.92
493,6997,1277.944,1287.214,136.32,8802,90,0,2.33
494,6998,1288.449,1277.746,132.22,11687,113,0,1.9
495,6999,1295.862,1275.068,134.72,12359,98,0,1.84
496,7001,1267.937,1288.261,130.03,11571,105,0,1.83
497,7002,1277.658,1271.025,135.07,12140,100,0,1.91
498,7003,1290.739,1288.344,135.12,12770,93,0,1.79
499,7004,1246.876,1274.926,131.85,12091,98,0,1.86
500,7008,1286.817,1281.614,133.57,11668,109,0,1.92
501,7009,1266.023,1277.59,134.64,12199,100,0,1.86
502,3225,1270.27,1284.083,138.55,10149,97,0,2.2
503,3233,1271.884,1279.5,134.31,9932,94,0,2.1
504,3235,1274.514,1277.871,142.36,11052,82,0,2.12
505,3236,1301.366,1276.392,130.38,9164,112,0,2.19
506,6512,1281.473,1294.453,135.1,24838,103,0,1.19
507,7000,1284.413,1294.372,131.55,11432,114,0,1.92
508,7010,1275.47,1260.036,130.2,11500,109,0,1.85
509,2560,1278.114,1279.792,134.43,17648,96,0,1.45
510,3254,1271.416,1286.08,132.65,14629,107,0,1.63
511,3265,1284.399,1280.421,138.25,16028,85,0,1.59
512,4809,1275.965,1291.395,134.14,8970,99,0,2.28
513,340,1281.296,1307.946,133.71,16018,97,0,1.56
514,2554,1293.576,1277.282,132.84,16976,107,0,1.48
515,2555,1275.184,1271.312,136.08,13549,97,0,1.76
516,2556,1278.066,1285.905,135.99,17955,89,0,1.45
517,2557,1297.981,1296.925,137.44,17646,88,0,1.52
518,2558,1279.768,1285.07,133.47,16997,102,0,1.48
519,2559,1276.656,1270.373,132.5,16790,108,0,1.49
520,2561,1274.881,1287.832,132.37,16752,113,0,1.49
521,2562,1280.934,1255.809,132.72,17173,99,0,1.48
522,2563,1272.848,1283.774,132.95,17525,100,0,1.44
523,3256,1297.179,1277.167,133.72,14867,103,0,1.61
524,3257,1282.583,1281.339,139.51,16283,86,0,1.6
525,3258,1286.349,1279.82,132.13,14674,110,0,1.62
526,3259,1275.974,1285.778,133.48,15076,104,0,1.6
527,3260,1284.35,1284.785,140.05,16036,92,0,1.64
528,3261,1284.554,1290.212,132.55,14410,110,0,1.64
529,3262,1293.708,1300.517,132.72,14342,112,0,1.65
530,3263,1288.396,1277.767,134.5,15295,96,0,1.65
531,3264,1289.575,1267.813,133.23,14625,106,0,1.64
532,3266,1299.649,1275.505,136.69,15618,100,0,1.62
533,3435,1283.756,1278.872,128.81,11369,109,0,1.87
534,3436,1292.193,1302.265,134.23,17443,103,0,1.47
535,4798,1267.121,1270.03,133.9,9014,104,0,2.36
536,4800,1301.907,1271.938,123.29,7724,120,0,2.28
537,4801,1292.786,1281.12,136.69,9602,97,0,2.27
538,4803,1290.368,1282.558,140.06,9872,91,0,2.34
539,4804,1284.909,1265.172,127.48,8355,105,0,2.24
540,4805,1288.393,1276.372,135.89,9675,89,0,2.16
541,4806,1279.143,1275.639,132.96,9295,99,0,2.18
542,4808,1297.136,1269.812,136.93,9392,98,0,2.27
543,4802,1258.104,1276.309,137.01,9364,96,0,2.26
544,917,1284.213,1261.59,137.43,27358,93,0,1.13
545,918,1277.765,1284.347,136.43,26133,103,0,1.16
546,919,1279.913,1260.635,132.82,25831,112,0,1.13
547,920,1274.005,1274.906,131.07,24627,126,0,1.15
548,921,1274.749,1272.593,130.74,24888,124,0,1.14
549,922,1277.469,1251.845,137.96,28081,76,0,1.1
550,923,1280.609,1278.092,136.87,27316,86,0,1.12
551,3357,1282.351,1288.829,133.46,28319,116,0,1.08
552,3358,1286.08,1287.807,133.4,14012,95,0,1.64
553,3359,1267.768,1270.281,135.01,29086,106,0,1.07
554,3361,1279.362,1293.646,134.34,28931,104,0,1.11
555,3362,1288.96,1267.207,135.49,29185,111,0,1.08
556,3666,1259.618,1269.293,134.74,14877,87,0,1.59
557,7025,1262.46,1284.206,133.68,24386,113,0,1.16
558,914,1268.636,1275.799,138.29,27289,84,0,1.13
559,916,1280.264,1294.191,136.04,26524,99,0,1.14
560,3360,1285.711,1265.111,134.4,28438,108,0,1.08
561,7082,1270.662,1298.888,136.09,16166,94,0,1.54
562,4284,1261.858,1269.587,131.71,7469,104,0,2.51
563,4285,1285.077,1290.04,134.42,24507,111,0,1.19
564,5941,1281.895,1261.191,135.13,8789,93,0,2.38
565,5942,1280.847,1288.141,135.63,7424,95,0,2.68
566,5948,1274.481,1290.614,135.47,17995,95,0,1.43
567,5950,1279.071,1286.811,133.87,17073,101,0,1.46
568,5951,1278.677,1274.846,137.47,18280,91,0,1.43
569,5952,1296.044,1280.282,135.39,17713,95,0,1.53
570,5953,1294.611,1277.657,133.32,17473,104,0,1.53
571,5954,1266.361,1282.772,133.33,17886,92,0,1.39
572,5667,1285.663,1281.378,132.34,5229,93,0,3.19
573,5680,1266.395,1296.361,132.84,15878,105,0,1.52
574,7410,1264.08,1292.189,132.76,22336,107,0,1.23
575,5362,1282.441,1282.106,132.58,17420,103,0,1.42
576,5363,1284.787,1267.768,133.53,18341,96,0,1.38
577,5364,1284.905,1280.774,131.3,16820,119,0,1.48
578,5365,1285.292,1284.53,134.87,17970,99,0,1.43
579,5366,1277.785,1297.269,132.57,17537,106,0,1.43
580,5367,1290.522,1281.107,134.22,17863,99,0,1.42
581,5368,1278.121,1285.736,130.57,16613,117,0,1.46
582,5369,1299.039,1267.654,135.64,17734,103,0,1.47
583,5370,1286.816,1281.977,134.96,17863,104,0,1.45
584,5666,1295.09,1281.78,134.55,16111,97,0,1.52
585,5668,1284.64,1294,135.95,16402,99,0,1.49
586,5669,1293.664,1272.759,132.52,15665,109,0,1.54
587,5670,1292.441,1278.914,135.94,16257,101,0,1.62
588,5671,1279.561,1283.566,133.95,16193,102,0,1.52
589,5672,1297.398,1272.479,131.71,15393,111,0,1.55
590,5673,1279.854,1286.97,130.9,15512,112,0,1.52
591,5674,1270.862,1272.766,134.58,16195,99,0,1.52
592,5675,1278.113,1287.065,131.39,15405,114,0,1.54
593,5676,1285.385,1270.535,137.55,16574,91,0,1.54
594,5677,1283.338,1280.05,134.15,16071,105,0,1.54
595,5678,1285.551,1290.232,134.06,16233,99,0,1.61
596,5679,1296.435,1275.201,129.73,15530,107,0,1.49
597,5681,1267.416,1270.636,133.55,15935,107,0,1.54
598,5682,1288.402,1279.94,137.84,16864,94,0,1.53
599,5683,1277.137,1277.787,129.47,14872,122,0,1.56
600,5685,1266.045,1285.497,138.46,16661,94,0,1.56
601,5686,1290.99,1285.525,139.39,17417,82,0,1.5
602,5687,1273.737,1287.718,137.55,16757,92,0,1.53
603,5688,1285.965,1277.822,136.43,16681,90,0,1.51
604,5689,1275.831,1281.26,132.68,16079,95,0,1.49
605,7407,1285.839,1274.473,134.44,23047,97,0,1.22
606,7408,1281.946,1288.867,136.02,14700,97,0,1.64
607,7409,1292.801,1298.539,136.02,23039,104,0,1.25
608,5360,1274.365,1281.485,133.65,17731,97,0,1.41
609,5684,1293.047,1284.015,130.89,15052,117,0,1.57
610,1412,1266.067,1291.025,132.4,19412,109,0,1.34
611,1414,1275.161,1288.162,133.95,23466,113,0,1.25
612,1415,1287.317,1277.485,138.14,24905,90,0,1.24
613,1416,1281.595,1266.996,137.95,25234,83,0,1.24
614,1419,1285.329,1284.198,135.02,24576,95,0,1.21
615,1420,1281.098,1292.048,133.77,23568,104,0,1.22
616,4329,1284.528,1296.224,137.15,9225,102,0,2.36
617,4330,1272.483,1284.071,136.12,9063,100,0,2.35
618,4332,1284.195,1291.472,134.76,9278,98,0,2.31
619,4334,1278.053,1274.531,140.97,9823,82,0,2.29
620,4339,1289.3,1295.807,134.68,9148,93,0,2.26
621,4340,1282.495,1288.771,140.68,9561,87,0,2.34
622,4343,1283.438,1277.97,134.38,9381,93,0,2.2
623,4646,1271.309,1283.591,135.47,26976,101,0,1.15
624,1411,1269.624,1278.055,135.8,24722,92,0,1.22
625,1413,1287.598,1277.605,135.17,24186,97,0,1.22
626,1418,1292.427,1284.835,134.54,24063,99,0,1.22
627,4327,1268.092,1293.221,130.74,8780,97,0,2.22
628,4331,1263.939,1277.438,127.64,8163,115,0,2.37
629,4333,1295.63,1292.643,138.5,9674,87,0,2.25
630,4335,1268.77,1255.304,137.38,9417,88,0,2.28
631,4336,1278.176,1271.343,136.83,9445,95,0,2.29
632,4338,1286.143,1279.943,135.42,9201,97,0,2.34
633,4341,1270.703,1270.334,133.28,9447,90,0,2.19
634,4346,1273.075,1279.059,136.21,9288,90,0,2.27
635,4347,1270.776,1282.549,136.47,9862,87,0,2.18
636,4328,1288.999,1265.618,134.07,9039,100,0,2.29
637,4342,1285.704,1275.458,135.03,9138,99,0,2.33
638,4344,1271.131,1289.413,139.7,9630,94,0,2.33
639,4345,1284.434,1305.051,130.86,8583,103,0,2.31
640,1417,1294.88,1278.35,134.58,23644,106,0,1.24
641,4337,1286.33,1278.083,141.84,10008,83,0,2.3
642,5552,1283.773,1284.453,140.13,8056,92,0,2.74
643,716,1289.814,1275.536,140.74,6630,88,0,2.98
644,5547,1249.924,1288.934,130.06,7479,101,0,2.45
645,5548,1279.469,1289.75,131.51,7556,98,0,2.47
646,5551,1278.04,1288.283,133.93,7507,100,0,2.57
647,5553,1286.117,1273.07,137.37,8304,83,0,2.41
648,5557,1286.52,1275.281,139.54,19868,89,0,1.42
649,5558,1280.362,1262.855,134.78,11650,95,0,1.9
650,5559,1292.139,1279.799,136.51,19440,101,0,1.41
651,5560,1270.86,1273.513,134.76,19006,104,0,1.43
652,6120,1304.19,1283.98,134.12,27256,109,0,1.12
653,6121,1263.262,1266.587,132.02,21309,113,0,1.3
654,6122,1280.871,1284.306,132.87,26893,109,0,1.11
655,6123,1277.21,1289.277,130.49,26218,128,0,1.12
656,6124,1295.151,1273.423,132.34,26886,114,0,1.11
657,6125,1277.626,1298.503,134.27,26925,106,0,1.16
658,6126,1274.44,1271.007,135.29,27186,108,0,1.1
659,6311,1262.264,1296.026,129.2,17270,119,0,1.42
660,6312,1274.311,1280.166,135.34,14355,98,0,1.69
661,6313,1258.277,1293.625,136.47,19298,84,0,1.39
662,6315,1270.11,1287.21,132.56,18300,109,0,1.41
663,6316,1292.564,1273.096,136.24,18535,98,0,1.44
664,6317,1272.573,1287.519,129.65,17221,116,0,1.42
665,6318,1299.869,1275.494,132.6,18617,97,0,1.37
666,6319,1272.76,1270.373,131.65,17960,103,0,1.4
667,6320,1272.581,1282.041,131.21,17949,107,0,1.4
668,6321,1290.99,1287.727,133.2,18288,103,0,1.44
669,6322,1283.824,1276.979,137.08,19618,86,0,1.39
670,6323,1280.997,1267.608,135.68,19117,92,0,1.39
671,6324,1280.202,1280.368,138.15,19733,89,0,1.43
672,718,1276.61,1262.617,133.3,6109,95,0,3.01
673,5545,1297.369,1254.924,132.36,7603,94,0,2.47
674,5549,1259.316,1280.553,133.61,7807,99,0,2.5
675,5550,1282.978,1274.93,130.23,7414,100,0,2.5
676,5554,1276.934,1263.293,131.17,7333,99,0,2.54
677,5561,1284.367,1277.37,133.65,18964,99,0,1.46
678,6314,1283.099,1275.739,134.49,18755,100,0,1.41
679,438,1268.302,1268.873,131.15,20068,114,0,1.31
680,440,1283.679,1297.272,137.25,21926,85,0,1.3
681,441,1277.849,1277.08,132.72,20571,110,0,1.34
682,442,1289.661,1285.107,132.33,20067,116,0,1.31
683,6142,1304.702,1283.168,135.26,26396,108,0,1.16
684,6143,1281.729,1286.898,135.31,16033,105,0,1.57
685,6144,1288.05,1260.918,137.63,27149,98,0,1.19
686,6145,1270.754,1305.229,133.64,26519,105,0,1.13
687,6146,1296.59,1272.448,131.73,25830,113,0,1.13
688,6147,1271.05,1269.551,132.26,25473,121,0,1.15
689,6148,1282.23,1270.57,134.42,26929,88,0,1.1
690,6149,1282.129,1279.969,136.62,26966,97,0,1.18
691,6150,1269.089,1284.812,132.09,24987,117,0,1.16
692,5569,1277.697,1291.654,136.77,8039,90,0,2.56
693,6206,1283.795,1281.794,139.05,14644,88,0,1.73
694,1849,1288.771,1267.837,131.76,17231,112,0,1.48
695,6207,1278.445,1291.561,134.3,13696,93,0,1.75
696,7184,1260.246,1290.406,137.59,16115,85,0,1.63
697,5567,1293.617,1286.72,133.91,7896,92,0,2.51
698,5924,1284.887,1290.238,135.54,22320,93,0,1.29
699,5925,1292.78,1279.173,127.7,10070,115,0,2.01
700,5926,1290.172,1266.75,135.29,21797,97,0,1.31
701,5927,1275.859,1293.916,135.76,22461,93,0,1.31
702,6201,1292.45,1279.645,135.81,13882,97,0,1.74
703,6203,1280.007,1282.461,132.76,13393,98,0,1.71
704,7335,1280.01,1281.367,134.01,33410,121,0,1.01
705,7369,1286.34,1274.281,125.71,5294,101,0,3
706,7370,1270.2,1288.073,129.44,5309,100,0,3.14
707,1847,1282.735,1268.249,133.91,18055,103,0,1.45
708,1850,1289.094,1274.1,132.73,17192,104,0,1.5
709,1851,1270.563,1289.151,135.81,18677,87,0,1.42
710,1852,1279.873,1271.585,132.44,17448,109,0,1.47
711,1853,1282.546,1269.185,133.54,17428,106,0,1.51
712,1854,1280.628,1273.138,134.03,18023,98,0,1.44
713,5928,1286.519,1274.821,130.17,20717,124,0,1.35
714,6202,1275.754,1266.292,130.31,9990,104,0,2.05
715,6204,1286.563,1266.961,128.48,12736,114,0,1.73
716,6205,1278.878,1273.324,132.19,13623,100,0,1.69
717,6208,1277.925,1264.311,130.71,12848,114,0,1.79
718,7368,1277.121,1268.752,126.77,5207,96,0,3.05
719,1257,1268.613,1276.102,136.03,14027,96,0,1.72
720,1260,1272.281,1283.889,136.99,14452,87,0,1.68
721,1262,1270.647,1291.097,136.18,13914,95,0,1.73
722,1264,1290.019,1277.92,133.29,14063,89,0,1.64
723,1266,1289.212,1285.93,132.02,13395,99,0,1.7
724,1269,1277.957,1287.298,136.35,13815,94,0,1.75
725,4010,1270.275,1272.814,135.91,20572,93,0,1.34
726,4011,1267.771,1315.731,135,8766,99,0,2.35
727,4761,1279.881,1262.94,136.3,40322,100,0,0.91
728,6460,1265.405,1288.538,133.53,12278,104,0,1.86
729,6468,1304.46,1284.775,136.36,12679,99,0,1.85
730,6470,1285.128,1280.401,134.76,12577,99,0,1.83
731,6471,1290.615,1301.914,135.18,12988,97,0,1.79
732,6472,1283.178,1271.621,136.53,13255,87,0,1.77
733,6474,1265.149,1284.241,135.06,12762,96,0,1.81
734,6476,1286.057,1286.519,128.21,11761,115,0,1.8
735,6482,1297.631,1260.81,134.97,12744,104,0,1.84
736,6483,1275.029,1291.337,137.31,12855,94,0,1.84
737,1259,1281.234,1267.342,135.19,13316,102,0,1.77
738,1261,1261.307,1277.171,132.59,13673,97,0,1.67
739,1263,1289.178,1268.67,134.07,13350,99,0,1.74
740,1265,1279.069,1267.311,136.31,13709,101,0,1.77
741,1267,1252.938,1262.186,135.3,13864,99,0,1.73
742,1268,1261.905,1270.991,138.85,14811,84,0,1.75
743,6462,1283.773,1281.205,137.41,13734,88,0,1.75
744,6463,1270.513,1273.332,131.45,12200,109,0,1.82
745,6465,1276.69,1264.096,135.61,12542,103,0,1.86
746,6466,1279.271,1289.653,137.13,13465,87,0,1.76
747,6467,1279.58,1274.739,130.88,11951,107,0,1.82
748,6469,1293.438,1282.664,132.69,12395,103,0,1.82
749,6473,1266.633,1281.139,130.35,12110,106,0,1.79
750,6475,1287.378,1277.254,132.46,12765,98,0,1.76
751,6478,1282.807,1281.182,129.74,11873,113,0,1.84
752,6479,1289.328,1268.668,131.38,11947,110,0,1.84
753,6481,1284.866,1297.876,134.63,12361,106,0,1.87
754,6484,1296.383,1278.284,132.95,12537,102,0,1.78
755,6477,1293.434,1267.985,130.38,11699,115,0,1.86
756,6464,1288.976,1269.079,135.54,12240,111,0,1.92
757,6480,1279.888,1266.816,137.15,13240,93,0,1.8
758,2703,1297.854,1270.926,136.17,12731,97,0,1.82
759,2705,1259.778,1269.033,132,12173,107,0,1.86
760,2706,1273.848,1294.075,134.12,12722,94,0,1.76
761,2945,1277.663,1292.769,128.78,14524,120,0,1.57
762,2946,1265.02,1289.879,134.4,11407,101,0,1.92
763,2948,1305.056,1278.209,132.08,14893,106,0,1.57
764,2950,1271.199,1281.452,140.35,16967,82,0,1.55
765,2951,1274.771,1283.339,134.46,15537,103,0,1.57
766,2952,1290.472,1292.76,137.3,15957,95,0,1.58
767,2953,1268.634,1274.606,131.71,15077,111,0,1.57
768,2954,1301.005,1279.874,131.79,15226,106,0,1.55
769,4414,1280.666,1277.995,133.19,20309,97,0,1.29
770,4415,1287.152,1275.412,131.96,11018,101,0,1.91
771,4416,1292.903,1268.206,133.6,20506,99,0,1.3
772,4417,1281.825,1305.096,132,19813,112,0,1.32
773,5009,1297.624,1289.02,136.55,19117,98,0,1.46
774,5010,1281.532,1266.922,136.52,12883,92,0,1.86
775,5011,1269.482,1275.416,130.56,17602,113,0,1.4
776,5012,1254.431,1271.659,135.17,18406,104,0,1.42
777,5013,1290.179,1290.706,134.57,18478,102,0,1.41
778,5014,1282.492,1269.937,133.83,19100,90,0,1.34
779,5015,1270.802,1281.07,135.79,19207,95,0,1.44
780,5016,1288.834,1275.596,134.48,19325,89,0,1.34
781,5017,1289.913,1277.131,135.79,19090,99,0,1.39
782,5019,1267.595,1292.701,133.68,18921,100,0,1.37
783,5020,1281.219,1271.09,132.86,18132,117,0,1.42
784,5021,1300.051,1273.14,132.73,18279,111,0,1.4
785,5022,1281.318,1295.79,137.03,19265,97,0,1.4
786,5023,1285.438,1274.33,133.22,18712,96,0,1.37
787,5025,1273.581,1274.869,135.26,19413,90,0,1.36
788,5026,1293.665,1272.882,133,18501,102,0,1.38
789,5027,1286.096,1282.488,134.48,18872,102,0,1.37
790,5028,1300.057,1257.156,135.15,18940,104,0,1.39
791,5029,1300.375,1284.786,132.92,18378,106,0,1.39
792,5340,1266.988,1297.343,134.71,29190,103,0,1.06
793,5342,1299.517,1277.456,133.9,28740,113,0,1.07
794,5343,1259.318,1276.948,136.21,29685,99,0,1.07
795,5344,1269.561,1280.252,137.26,30517,88,0,1.05
796,5345,1277.121,1280.189,130.3,28122,128,0,1.06
797,5346,1286,1275.716,134.34,29516,106,0,1.06
798,5347,1276.716,1279.511,130.96,27936,129,0,1.07
799,5024,1278.369,1272.951,133.89,18350,105,0,1.51
800,2704,1286.881,1297.262,136.87,11267,87,0,1.95
801,2947,1281.803,1293.72,134.01,15522,99,0,1.55
802,2949,1290.909,1291.01,135.27,15624,100,0,1.57
803,5018,1282.092,1289.798,133.91,18429,107,0,1.4
804,2480,1282.41,1293.069,132.19,9359,94,0,2.13
805,2481,1290.752,1294.827,140.45,10466,75,0,2.15
806,5639,1290.876,1278.165,135.98,33610,99,0,1
807,573,1269.641,1266.807,130.7,23684,122,0,1.19
808,575,1269.669,1278.272,133.69,25225,106,0,1.16
809,576,1278.259,1274.345,136.23,25344,107,0,1.19
810,577,1297.038,1281.085,134.15,25574,99,0,1.15
811,578,1269.127,1271.09,130.3,23698,124,0,1.18
812,579,1277.939,1287.803,135.87,25988,97,0,1.16
813,580,1267.425,1271.355,133.87,25292,103,0,1.16
814,1477,1292.198,1290.419,127.78,11136,114,0,1.85
815,3457,1278.111,1273.448,136.15,34995,104,0,0.98
816,3458,1279.129,1298.942,137.03,16470,92,0,1.55
817,3459,1285.502,1296.483,133.74,34768,107,0,0.96
818,3460,1284.225,1299.045,132.71,33742,132,0,0.99
819,3461,1283.499,1285.861,131.25,33170,136,0,0.98
820,3462,1279.645,1293.33,136.5,35788,98,0,0.96
821,3463,1276.128,1281.065,136.16,35626,99,0,0.97
822,3464,1266.357,1276.194,133.57,34335,120,0,1
823,3465,1282.383,1286.891,134.04,35077,109,0,0.96
824,3778,1283.188,1287.331,135.6,15467,97,0,1.6
825,3779,1279.725,1274.684,134.52,11472,103,0,1.98
826,3780,1280.893,1285.673,135.91,15329,94,0,1.64
827,3781,1297.319,1280.067,135.33,15180,105,0,1.64
828,4907,1291.897,1258.381,133,15427,100,0,1.56
829,5604,1263.673,1280.631,134.82,44509,109,0,0.85
830,5606,1269.937,1262.638,132.25,42650,127,0,0.85
831,5607,1280.355,1286.423,133.48,43205,128,0,0.86
832,5608,1277.927,1257.902,134.45,43925,116,0,0.85
833,5636,1281.931,1265.148,134.87,33363,101,0,0.99
834,5637,1281.92,1269.224,137.88,8777,93,0,2.48
835,5638,1281.311,1288.012,137.44,34914,82,0,0.98
836,7194,1273.365,1272.739,132.42,19834,112,0,1.34
837,7196,1269.156,1301.572,132.91,20090,106,0,1.33
838,7197,1289.151,1288.766,131.53,19293,118,0,1.36
839,574,1277.586,1282.427,137.47,12674,83,0,1.86
840,2478,1281.777,1289.595,138.25,9466,96,0,2.41
841,156,1283.046,1287.83,136.7,25346,94,0,1.19
842,157,1279.65,1285.245,134.37,35747,110,0,0.96
843,4348,1277.475,1288.56,134.56,32185,98,0,1.01
844,4349,1289.363,1289.252,131.88,28701,122,0,1.09
845,4350,1278.208,1277.126,136.31,32606,97,0,1.06
846,7170,1291.611,1274.627,136.12,22135,99,0,1.34
847,7171,1284.112,1270.978,131.29,8298,106,0,2.34
848,7172,1274.057,1304.068,138.17,23086,85,0,1.27
849,7173,1287.465,1286.068,132.65,21573,116,0,1.26
850,7174,1268.881,1281.868,131.69,21549,104,0,1.25
851,7175,1273.368,1301.686,132.08,21403,111,0,1.28
852,7177,1296.295,1270.148,138.62,23041,87,0,1.31
853,7178,1279.97,1273.808,131.83,20645,128,0,1.32
854,7179,1266.808,1291.816,135.08,22409,97,0,1.29
855,7180,1277.272,1275.409,139.34,23228,84,0,1.28
856,7181,1268.771,1270.201,137.18,22616,92,0,1.27
857,7202,1263.551,1288.263,136.01,35544,105,0,0.99
858,7203,1289.96,1278.254,140.62,8873,79,0,2.38
859,7204,1280.937,1288.899,134.67,35109,107,0,0.97
860,7205,1278.869,1274.841,129.8,32762,142,0,0.97
861,7206,1292.406,1286.491,133.84,34832,116,0,0.97
862,7176,1279.817,1276.47,133.51,21446,108,0,1.28
863,258,1275.58,1274.279,129.52,15830,116,0,1.49
864,1750,1266.604,1294.2,131.06,29658,130,0,1.04
865,256,1274.213,1268.145,131.29,7559,105,0,2.48
866,268,1275.975,1281.426,126.67,15378,122,0,1.51
867,255,1273.356,1299.213,131.02,16159,114,0,1.49
868,257,1257.171,1275.634,129.39,15544,117,0,1.51
869,259,1267.974,1273.77,134.38,17089,97,0,1.47
870,260,1276.162,1283.276,134.94,16838,99,0,1.49
871,261,1266.412,1285.226,133.64,16698,98,0,1.48
872,262,1290.237,1279.22,136.1,17579,90,0,1.46
873,263,1283.892,1265.931,131.59,16605,106,0,1.47
874,264,1284.519,1272.6,134.36,16266,105,0,1.53
875,265,1272.768,1294.139,136.62,17331,87,0,1.47
876,266,1292.505,1254.327,130.3,15869,118,0,1.5
877,267,1281.003,1292.991,137.14,16937,100,0,1.53
878,1738,1256.075,1281.01,132.45,30263,120,0,1.03
879,1739,1281.66,1260.731,127.69,12461,116,0,1.7
880,1740,1284.916,1284.034,135.29,31424,99,0,1.02
881,1741,1270.588,1283.726,132.29,30170,126,0,1.03
882,1742,1281.277,1264.291,134.04,30994,114,0,1.03
883,1743,1281.308,1266.192,132.64,29438,129,0,1.06
884,1744,1268.427,1255.284,129.74,29114,142,0,1.04
885,1745,1275.228,1293.074,134.72,31696,103,0,1.01
886,1746,1265.308,1274.275,129.56,29432,131,0,1.02
887,1747,1284.073,1295.509,134.48,31664,100,0,1.01
888,1748,1290.932,1297.033,135.56,31623,106,0,1.03
889,1749,1289.515,1278.189,133.09,30580,121,0,1.03
890,1751,1273.074,1277.436,134.03,31459,100,0,1.01
891,1752,1298.093,1281.796,130.39,28911,139,0,1.05
892,1753,1292.404,1272.192,131.36,29972,121,0,1.02
893,1754,1297.104,1260.677,132.55,30502,120,0,1.02
894,1755,1277.589,1286.155,134.87,31614,98,0,1.01
895,1756,1286.622,1290.122,134.6,31131,111,0,1.03
896,1757,1281.3,1304.492,131.55,29161,139,0,1.06
897,1758,1294.321,1271.813,131.07,29526,125,0,1.03
898,3838,1268.377,1302.524,137.48,26339,90,0,1.15
899,3839,1273.514,1280.15,130.56,23343,123,0,1.18
900,3840,1268.823,1284.217,136.02,25936,99,0,1.15
901,3841,1289.76,1273.448,135.23,25903,100,0,1.15
902,3842,1270.467,1261.771,134.91,25877,95,0,1.14
903,3848,1264.154,1297.685,133.6,25559,105,0,1.14
904,6406,1272.475,1272.043,133.42,28237,121,0,1.09
905,6407,1268.204,1286.476,132.1,13039,106,0,1.72
906,6408,1289.657,1288.032,133.56,28789,113,0,1.07
907,6409,1274.389,1276.424,136.31,29594,99,0,1.07
908,6410,1282.347,1293.411,133.55,29148,115,0,1.06
909,6411,1286.469,1286.822,135.26,29455,104,0,1.06
910,6412,1291.388,1264.532,136.4,30573,92,0,1.05
911,6413,1280.317,1263.766,132.33,28807,121,0,1.06
912,6414,1281.508,1278.972,132.08,28466,117,0,1.06
913,6415,1290.551,1259.767,134.56,29444,98,0,1.1
914,7473,1275.1,1259.454,133.87,17120,94,0,1.45
915,7474,1268.23,1291.478,137.52,8729,90,0,2.46
916,7475,1279.918,1268.35,130.55,16397,112,0,1.46
917,7476,1282.331,1265.372,133.31,16461,109,0,1.51
918,7477,1293.935,1298.854,135.8,17287,96,0,1.47
919,4901,1272.141,1275.935,139.47,5553,105,0,3.64
920,307,1281.418,1255.612,136.11,39763,102,0,0.92
921,3090,1282.776,1284.225,140.25,19415,73,0,1.43
922,4629,1279.259,1288.564,133.48,17453,102,0,1.46
923,4634,1262.922,1291.918,134.01,18301,94,0,1.41
924,4639,1306.351,1278.293,132.48,17564,97,0,1.42
925,4661,1274.01,1262.893,131.15,17674,105,0,1.4
926,4664,1289.366,1288.919,138.62,18757,93,0,1.46
927,3092,1289.259,1272.938,131.88,16685,118,0,1.51
928,3101,1275.025,1289.57,127.81,16126,124,0,1.47
929,4636,1262.125,1280.77,137.96,18944,84,0,1.54
930,4643,1302.86,1293.404,131.19,17102,105,0,1.45
931,4657,1294.735,1280.403,134.99,18013,100,0,1.45
932,304,1281.683,1262.847,134.47,38976,115,0,0.92
933,305,1288.231,1283.772,134.62,38671,112,0,0.92
934,306,1267.535,1300.87,135.11,39247,106,0,0.91
935,309,1287.34,1292.723,134.58,39308,102,0,0.91
936,310,1264.533,1299.928,133.02,39423,112,0,0.89
937,937,1275.505,1273.172,132.24,6327,91,0,2.81
938,3100,1286.669,1263.697,132.27,17336,102,0,1.45
939,3102,1279.44,1271.963,133.66,16955,111,0,1.54
940,3104,1280.347,1274.828,132.92,17758,96,0,1.42
941,3106,1279.345,1273.19,129.61,16777,113,0,1.44
942,3108,1281.803,1287.563,137.21,18450,94,0,1.47
943,4630,1274.134,1284.781,140.73,12553,85,0,1.92
944,4632,1283.774,1286.05,135.03,18094,92,0,1.43
945,4637,1265.188,1313.084,133.32,17509,105,0,1.45
946,4638,1286.657,1274.557,128.41,16666,122,0,1.44
947,4651,1265.925,1290,134.26,18243,94,0,1.42
948,4656,1265.689,1276.465,134.32,18176,98,0,1.43
949,4662,1263.5,1271.044,132.56,17207,108,0,1.46
950,4665,1278.112,1300.257,137.7,18715,86,0,1.42
951,4666,1298.016,1272.336,133.55,17549,106,0,1.46
952,308,1271.244,1278.98,134.27,39139,115,0,0.91
953,936,1279.365,1267.515,130.05,7825,93,0,2.36
954,3093,1267.773,1283.576,134.45,17697,97,0,1.45
955,3094,1265.986,1273.286,132.04,17058,113,0,1.47
956,3095,1273.397,1266.484,136.25,17936,101,0,1.48
957,3096,1272.479,1268.214,132.64,17173,108,0,1.47
958,3097,1281.816,1273.3,131.23,16860,113,0,1.44
959,3098,1284.588,1292.996,134.76,17647,103,0,1.48
960,3099,1294.081,1282.326,136.5,17952,100,0,1.48
961,3103,1288.691,1280.735,134.6,17502,103,0,1.48
962,3105,1272.293,1279.217,130.65,16391,121,0,1.51
963,3107,1277.157,1280.374,137.21,18444,88,0,1.45
964,4631,1284.572,1290.856,136.44,18222,91,0,1.45
965,4633,1273.735,1285.454,133.48,17744,109,0,1.46
966,4635,1288.45,1283.49,135.57,18198,98,0,1.45
967,4640,1273.458,1255.785,130.45,16988,114,0,1.45
968,4641,1265.183,1268.462,136.77,18330,98,0,1.47
969,4642,1276.985,1276.323,132.94,17096,114,0,1.49
970,4649,1291.543,1272.591,129.84,16924,116,0,1.46
971,4650,1269.86,1286.499,133.21,17463,111,0,1.49
972,4652,1292.644,1274.774,134.45,17645,103,0,1.47
973,4653,1292.317,1285.614,131.52,17576,105,0,1.42
974,4654,1277.561,1272.918,137.08,18235,95,0,1.47
975,4655,1286.86,1258.835,131.2,17126,113,0,1.46
976,4658,1286.156,1271.826,134.86,17971,100,0,1.45
977,4659,1293.645,1283,135.42,18393,95,0,1.44
978,4660,1292.913,1298.219,136.9,18346,90,0,1.45
979,4663,1267.814,1248.49,134.12,17996,97,0,1.43
980,4645,1262.713,1268.716,135.96,22552,97,0,1.28
981,1211,1267.779,1267.094,130.14,5447,95,0,3.05
982,1212,1278.047,1276.923,132.97,10693,97,0,1.98
983,3947,1274.454,1275.216,138.28,6603,88,0,2.94
984,2927,1294.413,1299.775,135.66,16439,93,0,1.53
985,6883,1267.932,1284.078,143.06,12027,81,0,2.01
986,2039,1292.908,1286.29,142.09,6807,86,0,3.25
987,2044,1290.815,1280.467,134.04,18766,106,0,1.39
988,2046,1290.762,1278.132,135.25,19081,104,0,1.39
989,2559,1290.074,1267.022,132.93,20039,114,0,1.33
990,2568,1270.896,1270.953,138.31,21977,82,0,1.3
991,2572,1267.217,1291.806,136.77,21294,89,0,1.3
992,6463,1280.534,1269.982,129.6,17277,114,0,1.4
993,6469,1277.723,1283.724,139.64,19765,81,0,1.39
994,4264,1280.199,1279.976,141.53,14180,75,0,1.73
995,2038,1275.233,1299.828,131.32,18383,119,0,1.38
996,2040,1292.936,1279.338,133.99,19185,99,0,1.36
997,2041,1288.035,1287.263,132.57,18555,117,0,1.39
998,2042,1270.38,1285.624,133.87,19321,101,0,1.35
999,2043,1270.439,1275.981,132.71,19005,109,0,1.36
1000,2045,1266.08,1266.999,129.22,17491,122,0,1.45
1001,2047,1273.84,1267.566,137.77,20022,88,0,1.37
1002,2048,1262.343,1289.621,134.79,19124,106,0,1.39
1003,2049,1275.618,1298.141,134.78,18812,109,0,1.4
1004,2050,1280.037,1261.22,135.14,19256,95,0,1.37
1005,2051,1286.997,1283.526,131.26,18130,116,0,1.39
1006,2556,1269.121,1283.671,134.22,20980,95,0,1.28
1007,2557,1278.337,1278.449,136.35,8054,93,0,2.46
1008,2558,1275.093,1273.693,139.19,22484,75,0,1.25
1009,2560,1268.109,1268.081,132.78,20592,112,0,1.32
1010,2561,1290.368,1291.842,129.26,19580,118,0,1.34
1011,2562,1265.72,1274.705,132.85,20232,112,0,1.32
1012,2563,1283.324,1277.965,133.09,20241,113,0,1.32
1013,2564,1292.945,1283.968,130.6,19963,109,0,1.29
1014,2565,1282.317,1295.53,132.11,19844,116,0,1.32
1015,2566,1273.327,1294.615,135.22,20668,106,0,1.33
1016,2567,1285.141,1287.767,133.68,19728,122,0,1.37
1017,2569,1266.53,1293.845,132.8,20060,113,0,1.32
1018,2570,1264.521,1283.792,134.72,20645,109,0,1.32
1019,2571,1293.686,1263.082,133.72,20617,102,0,1.3
1020,2573,1278.732,1292.146,135.26,21187,97,0,1.29
1021,2574,1274.07,1274.54,133.97,21169,97,0,1.27
1022,2575,1264.526,1270.93,138.59,21800,87,0,1.31
1023,2576,1277.704,1286.335,131.82,20285,108,0,1.29
1024,4263,1262.579,1278.913,136.96,21860,94,0,1.29
1025,4265,1292.338,1282.947,133.28,21027,111,0,1.29
1026,4266,1284.502,1290.683,133.16,21222,108,0,1.27
1027,6424,1281.255,1296.254,139.66,17381,86,0,1.52
1028,6426,1267.486,1278.192,132.09,15428,107,0,1.54
1029,6464,1267.719,1270.922,129.6,15784,122,0,1.5
1030,6465,1265.304,1282.954,134.38,18231,98,0,1.41
1031,6466,1280.29,1281.874,135.27,18672,91,0,1.39
1032,6467,1265.32,1261.533,130.8,17535,108,0,1.41
1033,6468,1264.563,1276.139,133.27,17891,106,0,1.42
1034,6470,1271.95,1275.442,135.99,18738,96,0,1.41
1035,6471,1282.019,1271.355,133.17,17834,104,0,1.49
1036,2421,1288.364,1287.609,131.95,16162,109,0,1.51
1037,2423,1283.859,1294.969,132.76,16527,103,0,1.49
1038,5125,1274.577,1269.184,138.17,16736,85,0,1.54
1039,5799,1274.731,1293.693,137.05,29095,92,0,1.1
1040,5801,1286.801,1270.567,133.72,27639,113,0,1.11
1041,5802,1288.196,1281.432,131.81,26845,117,0,1.11
1042,6674,1286.029,1289.107,135.42,9811,96,0,2.27
1043,6675,1272.57,1276.76,131.3,7956,99,0,2.4
1044,6676,1275.093,1285.977,139.91,10772,84,0,2.14
1045,6677,1274.007,1282.268,134.58,9837,92,0,2.11
1046,2424,1274.335,1259.098,137.9,17353,88,0,1.52
1047,5800,1276.134,1272.637,138.83,11060,90,0,2.06
1048,6678,1272.356,1291.722,129.71,9080,105,0,2.15
1049,1131,1275.181,1290.169,136.37,11204,90,0,1.95
1050,1133,1278.002,1281.727,128.63,10229,107,0,1.94
1051,929,1273.803,1298.731,128.07,8984,108,0,2.12
1052,930,1285.501,1275.988,136.18,10347,86,0,2.04
1053,932,1284.413,1299.467,133.36,9264,105,0,2.21
1054,1128,1263.136,1293.888,129.63,10078,108,0,1.99
1055,1130,1269.413,1272.47,127.34,9703,111,0,2
1056,1132,1260.679,1290.511,133.15,10540,102,0,2
1057,1134,1268.013,1286.644,129.65,10532,99,0,1.9
1058,2610,1276.79,1296.036,133.58,14853,97,0,1.58
1059,2611,1278.729,1287.022,138.83,13510,90,0,1.78
1060,2612,1277.938,1272.873,134.35,14838,98,0,1.61
1061,4626,1274.325,1275.633,131.99,33981,121,0,0.96
1062,4627,1283.195,1284.405,134.84,30859,119,0,1.04
1063,4628,1288.363,1273.614,130.62,32863,140,0,0.97
1064,4629,1282.832,1291.15,136.81,36219,83,0,0.94
1065,4630,1290.122,1273.321,136.5,35446,100,0,0.97
1066,927,1287.494,1287.895,139.97,10652,84,0,2.09
1067,928,1264.75,1291.842,136.45,8076,95,0,2.47
1068,931,1261.206,1260.461,132.69,9649,97,0,2.09
1069,1354,1291.962,1275.037,136.38,20378,96,0,1.38
1070,1356,1283.708,1285.312,134.01,20255,98,0,1.37
1071,2870,1261.888,1298.228,136.35,8541,97,0,2.43
1072,2871,1287.711,1290.803,134.48,18893,99,0,1.41
1073,3260,1278.122,1277.902,133.88,28698,106,0,1.1
1074,4738,1284.503,1271.757,140.31,12532,84,0,1.95
1075,4739,1289.224,1297.475,132.43,11174,97,0,1.93
1076,4741,1290.33,1277.448,129.06,10632,111,0,1.95
1077,4744,1278.602,1262.151,130.25,10873,107,0,1.98
1078,2869,1296.79,1289.08,133.89,18435,106,0,1.44
1079,2872,1282.172,1281.919,134.46,19081,112,0,1.43
1080,3257,1283.194,1276.123,132.61,27364,115,0,1.12
1081,3258,1282.977,1278.24,132.23,23916,117,0,1.21
1082,3259,1281.876,1283.382,136.13,28889,98,0,1.11
1083,3261,1283.908,1287.853,135.7,28563,105,0,1.12
1084,4742,1260.622,1266.877,131.41,11116,102,0,1.93
1085,4743,1286.376,1290.405,141.02,12591,86,0,1.95
1086,4736,1275.597,1286.23,131.42,11037,102,0,1.94
1087,4737,1288.455,1280.715,134.45,9628,96,0,2.19
1088,4740,1274.485,1275.235,125.99,10374,118,0,1.93
1089,1357,1286.672,1289.075,137.91,21094,89,0,1.37
1090,5558,1264.171,1265.567,128.66,15442,119,0,1.54
1091,5559,1264.777,1284.596,136.94,17258,102,0,1.55
1092,6236,1293.067,1286.908,135.35,30885,96,0,1.06
1093,5554,1292.669,1294.764,134.68,16604,101,0,1.54
1094,5555,1273.027,1273.941,135.44,11064,93,0,2
1095,5556,1277.763,1295.769,136.75,17223,93,0,1.54
1096,5557,1286.208,1261.536,132.71,16573,105,0,1.52
1097,6232,1296.076,1277.758,136.28,31265,92,0,1.06
1098,6233,1282.153,1275.394,136.88,16570,87,0,1.51
1099,6234,1285.077,1275.346,137,31127,98,0,1.11
1100,6235,1294.224,1271.453,136.01,31119,100,0,1.07
1101,262,1270.798,1271.898,130.29,21400,120,0,1.26
1102,6485,1274.316,1275.862,132.85,42778,127,0,0.86
1103,6486,1292.311,1278.061,134.73,43892,110,0,0.86
1104,6797,1289.692,1261.231,136.97,13271,86,0,1.78
1105,6483,1277.509,1284.898,135.29,43954,108,0,0.86
1106,6484,1263.417,1257.286,130.08,9127,104,0,2.16
1107,6757,1298.932,1287.313,132.12,10429,98,0,1.97
1108,6761,1290.73,1273.712,143.19,11863,78,0,2
1109,6764,1278.897,1269.744,141.71,11338,82,0,2.04
1110,980,1273.414,1288.868,132.95,28409,114,0,1.07
1111,981,1291.1,1272.011,134.81,28851,109,0,1.08
1112,982,1282.316,1306.217,133.08,28351,108,0,1.07
1113,983,1290.157,1286.547,131.75,27923,113,0,1.07
1114,984,1280.035,1275.582,135.17,29210,99,0,1.07
1115,985,1273.677,1273.67,133.39,28442,114,0,1.07
1116,986,1282.957,1257.089,131.98,27443,128,0,1.09
1117,987,1291.359,1289.048,129.92,26782,138,0,1.09
1118,988,1267.705,1264.672,132.46,28265,121,0,1.07
1119,989,1276.673,1277.476,134.6,29434,100,0,1.05
1120,990,1274.822,1289.242,136.97,30559,86,0,1.04
1121,991,1287.337,1281.15,136.12,29139,100,0,1.08
1122,6755,1266.669,1261.038,132.28,9955,104,0,2.06
1123,6758,1256.601,1287.697,129.42,9816,105,0,2.01
1124,6759,1273.351,1274.374,130.89,9591,113,0,2.11
1125,6760,1272.192,1278.703,134.55,10402,98,0,2.03
1126,6762,1277.83,1300.553,137.25,10980,88,0,2
1127,6763,1267.251,1291.897,133.76,9830,104,0,2.2
1128,6765,1287.624,1278.531,131.78,9738,108,0,2.09
1129,6766,1284.124,1273.228,134.42,10903,87,0,1.93
1130,6767,1289.052,1284.922,134.24,10158,101,0,2.07
1131,1675,1290.96,1266.382,134.85,46812,120,0,0.85
1132,1677,1277.82,1284.392,134.54,46538,116,0,0.83
1133,1678,1284.453,1292.059,135.01,46550,112,0,0.83
1134,1680,1265.927,1273.28,132.94,45651,124,0,0.82
1135,1681,1291.886,1273.768,135.16,47070,106,0,0.82
1136,3672,1281.143,1263.712,134.77,20843,93,0,1.31
1137,3674,1296.562,1266.376,131.43,19956,110,0,1.32
1138,3675,1284.574,1278.764,140.47,22592,70,0,1.3
1139,3676,1258.04,1287.361,130.22,20217,113,0,1.29
1140,3678,1263.901,1277.875,132,19656,111,0,1.33
1141,6909,1285.136,1275,144.88,11197,74,0,2.13
1142,1676,1269.388,1292.597,138.13,13077,89,0,1.82
1143,1679,1287.183,1258.44,133.44,45843,125,0,0.83
1144,3673,1290.623,1273.652,131.34,6607,108,0,2.8
1145,3677,1282.442,1295.035,138.51,21641,89,0,1.36
1146,5399,1277.73,1291.328,128.92,11015,107,0,1.85
1147,5400,1284.838,1289.818,131.41,11643,115,0,1.86
1148,5404,1283.187,1290.63,141.07,13890,85,0,1.78
1149,5405,1273.509,1285.972,133.84,12324,103,0,1.81
1150,5401,1286.289,1272.04,138.21,13730,79,0,1.72
1151,5402,1310.633,1295.192,135.33,12844,92,0,1.77
1152,5403,1298.126,1266.554,135.79,13257,86,0,1.73
1153,5398,1268.793,1276.464,134.76,12343,97,0,1.86
1154,2114,1284.597,1280.502,134.92,20573,97,0,1.3
1155,2115,1278.466,1253.024,135.5,17799,95,0,1.46
1156,2116,1259.505,1277.02,130.12,19384,121,0,1.34
1157,2117,1288.449,1285.04,135.53,20973,99,0,1.32
1158,2118,1260.836,1283.892,137.51,21168,88,0,1.33
1159,2120,1278.98,1281.818,135.46,20784,95,0,1.33
1160,2121,1294.817,1280.296,135.47,20505,103,0,1.35
1161,2122,1293.309,1290.856,135.63,20948,95,0,1.32
1162,2123,1272.143,1264.521,137.06,21472,87,0,1.31
1163,2125,1282.852,1280.949,132.78,20361,102,0,1.31
1164,2126,1270.681,1283.784,134.15,20763,99,0,1.31
1165,2127,1296.433,1269.199,130.37,19586,114,0,1.32
1166,2128,1289.506,1286.504,137.13,21116,90,0,1.33
1167,2129,1279.826,1298.253,132.27,20059,112,0,1.33
1168,2130,1276.095,1265.206,138.39,21832,80,0,1.31
1169,2131,1263.861,1285.561,133.44,20273,106,0,1.33
1170,2132,1271.875,1293.006,135.18,20839,105,0,1.33
1171,2133,1290.746,1290.146,132.53,20483,98,0,1.34
1172,2134,1293.118,1269.972,132.89,20311,106,0,1.32
1173,2135,1276.321,1297.615,136.2,21332,99,0,1.35
1174,2136,1272.405,1276.435,137.58,21441,85,0,1.34
1175,2138,1266.775,1275.377,139.31,22098,82,0,1.31
1176,2139,1275.391,1276.327,133.88,20547,108,0,1.33
1177,2141,1269.745,1272.923,132.32,19967,112,0,1.33
1178,2142,1276.708,1281.58,135.27,21231,92,0,1.3
1179,2144,1286.71,1273.552,136.16,21354,85,0,1.3
1180,2145,1266.043,1268.381,136.88,21429,92,0,1.35
1181,2146,1284.439,1269.985,134.22,21016,93,0,1.29
1182,2147,1281.568,1272.549,131.6,19501,114,0,1.34
1183,2148,1272.305,1295.689,138.91,21864,88,0,1.32
1184,2150,1291.035,1293.247,132.72,20342,105,0,1.31
1185,2119,1280.029,1286.163,131.65,20347,107,0,1.32
1186,2124,1273.787,1281.426,135.75,20805,96,0,1.36
1187,2137,1269.98,1302.005,131.7,19499,117,0,1.36
1188,2140,1258.956,1285.542,131.88,19590,113,0,1.35
1189,2143,1253.948,1278.49,136.43,21466,91,0,1.3
1190,2149,1257.966,1282.798,136.25,21583,87,0,1.32
1191,2708,1261.806,1289.915,137.74,16964,86,0,1.53
1192,3202,1281.807,1290.09,131.65,19680,116,0,1.34
1193,6091,1278.941,1285.475,131.28,11764,104,0,1.86
1194,6959,1283.501,1300.2,134.1,18111,101,0,1.44
1195,6960,1266.812,1268.386,134.81,17962,100,0,1.46
1196,2706,1265.881,1285.266,139.02,16846,86,0,1.56
1197,2709,1285.59,1263.441,137.26,16607,91,0,1.59
1198,2710,1292.181,1272.391,137.11,17013,92,0,1.53
1199,2711,1282.326,1284.164,134.09,16241,100,0,1.56
1200,2712,1275.779,1294.564,129.24,15142,117,0,1.55
1201,3194,1280.376,1278.686,134.12,20805,99,0,1.3
1202,3195,1272.673,1278.753,134.42,13674,101,0,1.76
1203,3196,1276.265,1291.599,130.72,19368,122,0,1.35
1204,3197,1296.071,1280.289,134.3,20413,98,0,1.32
1205,3198,1259.463,1286.161,134.45,20787,97,0,1.34
1206,3199,1265.191,1296.116,133.95,19795,117,0,1.41
1207,3200,1281.777,1283.611,135.19,20165,103,0,1.36
1208,3201,1282.258,1293.914,136.19,20887,98,0,1.34
1209,3203,1282.513,1280.733,137.65,21192,88,0,1.33
1210,5297,1275.362,1287.094,139.72,17041,85,0,1.56
1211,6090,1270.183,1284.502,136.03,18852,98,0,1.46
1212,6093,1279.697,1283.792,133.73,17963,106,0,1.44
1213,6094,1290.942,1288.652,135.63,18347,104,0,1.45
1214,6095,1274.063,1275.607,130.51,17662,111,0,1.41
1215,6096,1284.801,1273.494,130.87,17516,111,0,1.44
1216,6097,1281.054,1269.867,134.44,17829,111,0,1.47
1217,6098,1283.72,1282.203,134.53,18316,94,0,1.3
1218,6099,1281.836,1270.986,136.98,18243,102,0,1.48
1219,6100,1276.985,1276.56,134.62,18133,100,0,1.44
1220,6957,1290.244,1268.241,131.32,17402,116,0,1.44
1221,6961,1290.042,1280.821,135.32,18149,99,0,1.44
1222,6962,1265.466,1288.402,132.14,17730,111,0,1.43
1223,6963,1266.647,1283.41,133.56,17910,104,0,1.45
1224,6964,1281.899,1284.726,135.67,18308,98,0,1.45
1225,6965,1286.863,1265.943,134.18,18471,96,0,1.4
1226,6966,1280.478,1274.121,137.19,18668,94,0,1.48
1227,6967,1285.075,1265.107,133.61,17913,100,0,1.43
1228,6968,1301.839,1280.121,135.46,18335,93,0,1.43
1229,6969,1277.817,1279.53,133.66,17802,100,0,1.44
1230,6970,1283.07,1287.217,135.02,18434,95,0,1.42
1231,6971,1281.333,1282.85,133.97,17946,96,0,1.48
1232,6972,1268.049,1269.467,130.51,17141,120,0,1.45
1233,6973,1284.029,1289.371,134.09,17783,104,0,1.48
1234,7315,1281.476,1273.124,132.35,21533,127,0,1.29
1235,7317,1274.026,1276.89,136.27,23229,89,0,1.29
1236,7318,1265.641,1262,134.35,22347,104,0,1.29
1237,7319,1283.591,1277.114,136.88,22775,100,0,1.32
1238,7320,1284.692,1272.342,134.35,21950,106,0,1.31
1239,7321,1277.786,1276.806,134.69,22141,106,0,1.29
1240,7322,1270.834,1292.398,133.75,21709,107,0,1.26
1241,2707,1270.062,1295.072,135.01,5278,88,0,3.28
1242,6092,1279.069,1264.767,135.92,18718,94,0,1.5
1243,3584,1269.02,1284.741,130.07,8369,95,0,2.22
1244,5017,1278.811,1271.463,133.03,18907,105,0,1.36
1245,512,1278.673,1264.035,135.19,30915,110,0,1.04
1246,513,1279.598,1298.169,135.27,18169,99,0,1.44
1247,514,1290.54,1256.358,132.45,30760,115,0,1.01
1248,515,1269.044,1275.215,136.28,32145,99,0,1.02
1249,728,1295.221,1262.583,131.64,12608,100,0,1.73
1250,730,1300.11,1286.768,139.21,13629,87,0,1.76
1251,731,1272.46,1293.532,135.35,13140,97,0,1.76
1252,732,1294.119,1299.579,132.24,12360,111,0,1.8
1253,733,1286.994,1270.159,131.77,12549,113,0,1.77
1254,734,1291.205,1278.781,131.28,12359,104,0,1.76
1255,735,1279.503,1298.717,132.94,13015,101,0,1.73
1256,736,1282.193,1290.791,133.63,12782,102,0,1.77
1257,737,1287.179,1296.809,134.8,12953,100,0,1.77
1258,738,1290.043,1264.873,132.8,12537,105,0,1.78
1259,3585,1275.083,1263.672,138.83,8726,87,0,2.37
1260,5008,1270.958,1281.822,131.45,18324,114,0,1.38
1261,5010,1276.532,1277.155,130.99,18391,113,0,1.37
1262,5011,1282.142,1286.068,131.11,18490,111,0,1.36
1263,5012,1275.313,1276.146,137.31,20174,92,0,1.36
1264,5013,1268.87,1281.052,134.95,19387,98,0,1.36
1265,5014,1273.232,1277.305,136.26,20240,86,0,1.33
1266,5015,1264.836,1265.456,133,18690,112,0,1.39
1267,5016,1294.433,1263.314,132.99,18463,106,0,1.39
1268,5018,1280.802,1261.628,138.3,20519,83,0,1.35
1269,5019,1273.605,1289.947,130.82,18204,111,0,1.37
1270,5020,1271.678,1301.281,133.15,18268,121,0,1.43
1271,5021,1287.332,1290.268,128.53,17613,126,0,1.39
1272,5022,1277.677,1277.052,132.61,18607,110,0,1.38
1273,5191,1293.937,1280.801,135.29,21821,95,0,1.27
1274,5192,1283.545,1269.192,131.47,14423,109,0,1.6
1275,87,1279.444,1274.848,134.42,21636,101,0,1.28
1276,1653,1287.718,1270.756,140.54,15206,88,0,1.71
1277,3117,1266.764,1272.775,133.58,14050,99,0,1.68
1278,4604,1274.121,1278.711,129.32,6741,104,0,2.65
1279,6847,1279.928,1279.584,132.06,26152,110,0,1.12
1280,1263,1286.722,1291.807,133.91,25881,102,0,1.15
1281,3111,1276.828,1295.535,135.94,14697,98,0,1.67
1282,6473,1277.188,1304.962,134.66,5399,93,0,3.25
1283,82,1279.502,1288.934,133.32,21083,107,0,1.3
1284,84,1297.739,1268.043,131.76,20786,110,0,1.29
1285,85,1283.085,1288.49,134.6,21234,103,0,1.31
1286,1267,1263.885,1286.87,134.94,25735,103,0,1.17
1287,3112,1283.567,1280.789,125.57,7274,108,0,2.4
1288,3116,1302.437,1303.526,131.86,14273,103,0,1.64
1289,4603,1283.801,1295.336,133.09,14208,106,0,1.66
1290,6474,1275.714,1265.09,137.93,13810,95,0,1.78
1291,6844,1280.543,1289.752,134.56,27089,104,0,1.13
1292,6846,1286.257,1281.319,131.21,26549,112,0,1.1
1293,6849,1273.355,1292.763,135.65,27291,98,0,1.14
1294,6850,1272.585,1271.373,137.27,28164,96,0,1.13
1295,86,1278.234,1295.719,136.4,21855,93,0,1.3
1296,1264,1289.309,1275.925,130.67,20483,115,0,1.41
1297,1265,1275.157,1286.636,137.01,26916,88,0,1.15
1298,1266,1278.865,1283.546,131.66,25256,110,0,1.14
1299,1651,1283.733,1275.379,139.51,15167,85,0,1.68
1300,3113,1281.365,1292.545,135.49,14613,96,0,1.67
1301,3114,1290.09,1279.243,133.67,14585,93,0,1.6
1302,3115,1279.955,1285.874,130.12,13573,110,0,1.67
1303,6842,1264.371,1279.324,134.7,27343,99,0,1.12
1304,6845,1277.199,1275.354,132.13,26753,112,0,1.11
1305,6848,1283.193,1288.291,133.79,26887,112,0,1.13
1306,6851,1287.772,1263.922,134.66,27485,104,0,1.12
1307,6852,1290.872,1274.732,137.72,27736,93,0,1.15
1308,6853,1276.343,1274.636,134.67,27668,96,0,1.11
1309,839,1279.73,1269.386,132.57,17411,111,0,1.47
1310,841,1279.388,1268.791,138.88,19699,81,0,1.42
1311,844,1285.599,1273.444,130.31,17392,112,0,1.43
1312,846,1274.475,1282.154,133.18,18057,102,0,1.43
1313,848,1282.556,1278.577,128.94,17035,118,0,1.45
1314,849,1281.694,1272.376,132.19,17698,108,0,1.45
1315,850,1269.358,1277.943,132.93,18194,102,0,1.45
1316,857,1290.111,1259.736,136.74,19006,86,0,1.46
1317,858,1268.318,1274.108,130.99,17553,112,0,1.43
1318,860,1262.328,1271.669,135.66,19099,91,0,1.44
1319,862,1288.072,1267.941,134.85,18281,101,0,1.48
1320,863,1283.15,1266.005,137.08,19078,89,0,1.43
1321,864,1293.812,1288.668,136.53,18926,96,0,1.46
1322,866,1282.403,1276.355,138.17,19280,93,0,1.46
1323,873,1275.625,1270.191,132.58,17901,110,0,1.48
1324,875,1285.667,1275.747,136.39,18979,87,0,1.46
1325,877,1279.237,1283.575,134.14,18173,103,0,1.46
1326,878,1285.606,1281.353,133.75,18323,96,0,1.42
1327,879,1264.118,1298.962,138,18962,93,0,1.47
1328,882,1285.983,1304.011,136.09,18496,102,0,1.46
1329,2202,1284.335,1272.669,134.23,10850,104,0,2.03
1330,2204,1281.453,1258.754,139.58,11606,87,0,2.04
1331,2205,1289.674,1276.954,129.47,9746,116,0,2.12
1332,3013,1262.512,1261.507,132.84,14501,103,0,1.63
1333,3323,1279.135,1284.374,131.87,22372,118,0,1.26
1334,3326,1279.671,1284.597,131.57,22513,115,0,1.24
1335,3328,1287.016,1269.263,133.39,23380,101,0,1.23
1336,3332,1291.702,1286.65,132.43,23222,103,0,1.22
1337,3333,1281.981,1302.785,134.63,23310,103,0,1.25
1338,4371,1280.3,1290.553,129.92,8962,106,0,2.21
1339,4373,1280.727,1291.26,133.62,9819,89,0,2.11
1340,4374,1281.854,1271.334,131.54,9113,101,0,2.21
1341,4375,1287.86,1270.27,129.01,9021,103,0,2.19
1342,4379,1269.581,1247.359,135.92,9119,105,0,2.36
1343,4380,1285.317,1278.106,134.01,9713,95,0,2.17
1344,4381,1273.148,1255.487,132.69,9372,99,0,2.19
1345,4382,1282.477,1287.546,126.67,8786,106,0,2.14
1346,842,1296.232,1276.545,135.44,19128,87,0,1.4
1347,843,1280.581,1288.282,135.31,18571,100,0,1.44
1348,845,1274.901,1285.609,134.99,18868,88,0,1.44
1349,847,1275.242,1282.145,133.92,17936,104,0,1.48
1350,851,1291.644,1264.946,136.33,18797,94,0,1.47
1351,852,1272.902,1266.452,136.97,18560,98,0,1.51
1352,853,1278.227,1281.453,137.59,19232,83,0,1.42
1353,854,1282.276,1285.07,132.78,17786,108,0,1.45
1354,856,1291.867,1269.06,134.32,18693,92,0,1.44
1355,861,1261.678,1290.692,130.76,17142,124,0,1.51
1356,865,1267.694,1270.991,133.57,18363,101,0,1.44
1357,867,1274.895,1283.366,136.75,18421,98,0,1.49
1358,868,1292.174,1282.772,128.82,17016,118,0,1.44
1359,869,1283.408,1277.941,136.94,18737,101,0,1.47
1360,871,1282.601,1276.991,137.38,19193,90,0,1.43
1361,872,1270.4,1270.654,132.6,17787,99,0,1.43
1362,874,1282.382,1295.397,133.46,18425,96,0,1.41
1363,876,1287.765,1265.911,137.17,18699,95,0,1.5
1364,880,1294.301,1269.645,130.7,17273,117,0,1.45
1365,881,1257.267,1290.865,135.21,18727,100,0,1.44
1366,885,1263.898,1280.531,133.95,17763,106,0,1.48
1367,2203,1294.954,1268.507,134.11,9409,98,0,2.26
1368,2206,1280.353,1288.096,134.55,11016,93,0,1.99
1369,3014,1302.091,1281.286,134.37,19062,103,0,1.44
1370,3015,1269.493,1281.778,137.77,20438,89,0,1.38
1371,3324,1279.025,1274.468,134.52,10769,102,0,2.11
1372,3325,1271.475,1276.622,134.65,23917,98,0,1.23
1373,3327,1286.218,1289.23,133.53,23126,102,0,1.23
1374,3329,1272.841,1288.015,134.8,23590,97,0,1.23
1375,3331,1268.407,1276.248,135.55,23669,99,0,1.24
1376,4377,1274.937,1267.051,133.95,9104,105,0,2.3
1377,4378,1268.048,1281.212,136.4,10205,86,0,2.12
1378,4384,1281.083,1285.275,136.59,9744,98,0,2.23
1379,4385,1297.752,1274.318,136.56,9839,90,0,2.23
1380,859,1278.136,1268.169,134.2,18291,103,0,1.45
1381,870,1286.271,1277,135.1,18481,92,0,1.43
1382,884,1270.269,1293.457,136.14,18398,99,0,1.5
1383,886,1261.099,1282.571,136.79,18967,88,0,1.44
1384,889,1270.432,1287.521,135.98,30820,95,0,1.07
1385,3012,1276.498,1294.502,135.9,19774,95,0,1.4
1386,3330,1280.257,1279.725,137.65,24483,87,0,1.24
1387,4372,1300.076,1283.094,129.82,8519,115,0,2.32
1388,855,1274.146,1295.846,132.09,17790,108,0,1.45
1389,883,1273.239,1286.585,134.45,18643,97,0,1.41
1390,888,1279.774,1287.27,136.03,27176,101,0,1.17
1391,890,1276.646,1277.596,133.17,30000,116,0,1.07
1392,4369,1278.099,1276.303,125.15,8377,113,0,2.22
1393,4376,1279.251,1283.152,136.97,10217,85,0,2.13
1394,4383,1276.343,1285.037,128.92,8629,110,0,2.26
1395,2485,1284.464,1285.164,134.64,25063,107,0,1.19
1396,2486,1289.11,1291.076,134.68,24855,101,0,1.19
1397,6295,1269.591,1284.429,132.44,22662,105,0,1.23
1398,6741,1292.22,1286.088,131.22,11352,117,0,1.92
1399,6743,1269.371,1281.517,136.08,12481,96,0,1.85
1400,6294,1267.542,1280.418,134.88,24518,114,0,1.22
1401,6736,1291.452,1277.336,129.6,11374,106,0,1.85
1402,6737,1270.816,1276.432,132.2,7969,114,0,2.49
1403,6738,1292.51,1269.971,136.61,12586,93,0,1.85
1404,6739,1289.175,1266.698,132.56,11769,104,0,1.82
1405,6742,1274.981,1280.883,133.49,11736,105,0,1.89
1406,2483,1266.576,1278.491,133.23,24629,112,0,1.19
1407,4330,1278.34,1278.384,133.57,5484,89,0,3.13
1408,6296,1283.349,1283.527,133.04,23906,113,0,1.2
1409,46,1269.016,1279.642,131.6,7695,96,0,2.44
1410,2484,1270.426,1263.082,145.68,11126,80,0,2.2
1411,6740,1279.457,1281.509,133.57,12122,93,0,1.84
1412,956,1289.133,1303.703,137.79,16706,89,0,1.52
1413,957,1259.064,1276.071,131.77,8318,105,0,2.33
1414,1340,1274.95,1279.624,133.4,19708,109,0,1.39
1415,4428,1267.947,1285.401,139.16,12339,83,0,1.87
1416,4901,1279.715,1266.432,124.38,7882,115,0,2.24
1417,1437,1268.986,1300.289,129.74,10221,109,0,1.98
1418,958,1280.462,1270.295,136.95,16809,93,0,1.62
1419,1337,1276.847,1268.581,131.54,19191,112,0,1.34
1420,1339,1270.269,1286.491,135.84,20290,96,0,1.34
1421,1341,1270.971,1287.182,134.32,20138,99,0,1.32
1422,1436,1287.014,1267.162,137.5,19606,83,0,1.37
1423,1438,1281.139,1265.423,135.09,18862,98,0,1.39
1424,1439,1271.383,1279.271,137.17,19527,86,0,1.37
1425,1440,1280.215,1269.436,133.48,18411,106,0,1.4
1426,1441,1292.465,1274.516,135.53,19205,90,0,1.34
1427,1442,1278.171,1273.155,134.16,18653,103,0,1.48
1428,1443,1286.167,1287.178,134.78,18484,101,0,1.41
1429,1444,1278.793,1285.588,135.88,19328,88,0,1.36
1430,1445,1285.517,1263.511,133.9,18829,103,0,1.38
1431,1446,1283.939,1269.759,137.31,19194,97,0,1.41
1432,1447,1268.07,1268.822,129.42,17558,117,0,1.46
1433,1448,1279.08,1263.132,137.43,19082,94,0,1.41
1434,4427,1278.387,1288.067,133.06,15704,104,0,1.54
1435,4429,1284.287,1260.586,134.51,16138,98,0,1.52
1436,4430,1277.22,1285.118,135.15,16407,98,0,1.52
1437,4431,1286.506,1287.621,134.06,16033,102,0,1.53
1438,4432,1279.132,1281.282,135.52,16452,100,0,1.53
1439,4900,1280.879,1279.557,130.67,12480,115,0,1.77
1440,4902,1283.222,1266.746,131.72,13168,103,0,1.69
1441,3557,1267.223,1289.623,136.44,24200,95,0,1.21
1442,3558,1281.042,1279.559,134.48,11598,96,0,1.95
1443,3560,1289.302,1273.477,134.43,23066,113,0,1.28
1444,3561,1276.904,1274.893,134.67,23866,93,0,1.2
1445,3635,1275.612,1271.057,135.19,13297,100,0,1.8
1446,3636,1269.743,1285.717,133.08,13742,102,0,1.68
1447,3637,1279.231,1279.993,132.5,13749,101,0,1.67
1448,3638,1262.903,1281.016,136.14,14117,94,0,1.7
1449,3640,1265.285,1276.324,140.68,14874,88,0,1.72
1450,3641,1283.376,1277.708,133.66,14178,94,0,1.65
1451,3642,1271.408,1279.133,133.76,14287,93,0,1.67
1452,3644,1258.52,1275.71,134.04,13702,103,0,1.71
1453,3646,1265.418,1299.548,130.43,13630,103,0,1.67
1454,3647,1285.067,1271.881,140.13,14608,85,0,1.77
1455,5351,1271.005,1289.069,135.23,23140,94,0,1.27
1456,5353,1282.494,1278.391,133.35,22074,111,0,1.27
1457,5354,1267.121,1285.958,133.01,22090,110,0,1.26
1458,5355,1273.88,1293.198,133.74,22335,109,0,1.26
1459,5356,1275.313,1281.466,136.56,23025,102,0,1.36
1460,5357,1290.38,1292.105,134.49,22950,97,0,1.23
1461,5358,1282.302,1278.823,133.98,22312,108,0,1.26
1462,5359,1291.289,1275.405,135.17,23239,96,0,1.23
1463,5360,1276.59,1270.204,133.85,22770,109,0,1.24
1464,5361,1272.218,1281.502,133.32,22338,104,0,1.25
1465,5362,1268.687,1288.6,126.96,20831,134,0,1.25
1466,5363,1286.819,1283.313,134.08,22842,97,0,1.23
1467,5365,1272.373,1274.818,133.82,22534,106,0,1.25
1468,5366,1274.904,1296.775,132.12,22180,113,0,1.24
1469,5367,1278.546,1274.383,135.49,23011,104,0,1.25
1470,5368,1299.612,1290.485,135.19,22807,105,0,1.29
1471,5369,1293.848,1271.196,134.68,22820,106,0,1.25
1472,5370,1285.313,1278.158,132.09,22360,114,0,1.24
1473,5371,1282.678,1286.83,132.8,22282,111,0,1.17
1474,5372,1277.723,1268.586,133.69,22664,109,0,1.24
1475,5373,1295.53,1295.907,133.7,22774,107,0,1.25
1476,5374,1272.928,1285.254,134.51,22292,108,0,1.27
1477,3559,1269.757,1294.174,136.08,23405,103,0,1.26
1478,3634,1279.992,1260.665,130.52,12864,118,0,1.75
1479,3639,1273.461,1282.784,135.03,13967,103,0,1.71
1480,3643,1286.231,1280.477,132.88,13409,102,0,1.71
1481,3645,1276.623,1280.445,132.04,13679,101,0,1.69
1482,5352,1269.763,1261.196,130.37,6962,100,0,2.61
1483,5364,1276.848,1276.742,133.92,22518,106,0,1.24
1484,318,1293.581,1287.771,143.18,9199,79,0,2.4
1485,320,1279.682,1282.478,133.99,17861,110,0,1.52
1486,321,1288.803,1266.361,138.2,19570,84,0,1.41
1487,1526,1284.446,1260.132,130.73,11902,110,0,1.83
1488,1527,1279.046,1278.321,133.27,12153,101,0,1.84
1489,317,1274.327,1295.467,134.05,18926,92,0,1.4
1490,319,1300.231,1292.017,132.58,18105,112,0,1.42
1491,322,1268.975,1290.978,132.12,18386,99,0,1.38
1492,1519,1276.94,1282.457,130.77,12044,109,0,1.84
1493,1520,1288.792,1268.432,137.39,11880,95,0,1.94
1494,1521,1279.839,1304.222,132.73,12520,95,0,1.76
1495,1522,1279.917,1286.603,130.31,12069,106,0,1.82
1496,1523,1256.104,1293.591,132.68,11746,106,0,1.88
1497,1524,1301.438,1280.45,134.91,12735,95,0,1.8
1498,1528,1299.467,1296.114,132.23,12096,107,0,1.87
1499,1529,1282.843,1272.916,132.51,12317,105,0,1.81
1500,2315,1300.647,1299.998,141.72,18736,77,0,1.49
1501,2317,1282.807,1276.588,134.27,16937,105,0,1.51
1502,2318,1259.31,1271.874,133.46,16818,104,0,1.53
1503,2319,1276.291,1287.562,139.51,18396,77,0,1.47
1504,2320,1272.48,1262.309,134.19,17132,103,0,1.49
1505,2321,1268.634,1279.834,134.08,17495,91,0,1.44
1506,2316,1279.735,1271.574,124.44,7338,111,0,2.39
1507,2295,1297.4,1279.872,133.83,9852,104,0,2.12
1508,2296,1295.569,1296.501,134.8,9985,99,0,2.1
1509,2297,1266.932,1289.472,133.03,10187,98,0,2.03
1510,2298,1297.746,1268.236,133.24,9866,105,0,2.1
1511,2299,1269.008,1283.997,138.87,10430,90,0,2.19
1512,2300,1284.967,1277.977,138.9,10756,87,0,2.06
1513,2301,1269.241,1290.848,130.85,9851,101,0,2.03
1514,2302,1278.631,1287.012,133.48,10181,99,0,2.05
1515,2304,1278.08,1271.026,137.33,10437,96,0,2.1
1516,2305,1283.036,1275.556,133.84,10200,96,0,2.04
1517,2306,1293.948,1275.024,132.67,10123,98,0,2.03
1518,2307,1266.949,1281.529,134.28,9829,103,0,2.13
1519,5529,1275.487,1275.068,135.45,28233,103,0,1.09
1520,5530,1272.475,1267.848,137.35,20435,99,0,1.36
1521,5531,1288.189,1307.967,132.78,26920,116,0,1.1
1522,5532,1266.792,1281.843,131.69,27012,123,0,1.1
1523,5533,1284.057,1283.184,135.95,28450,101,0,1.09
1524,5534,1292.533,1271.619,131.48,26679,119,0,1.09
1525,5535,1288.858,1283.977,133.38,27396,112,0,1.1
1526,5536,1282.691,1263.83,134.32,27560,110,0,1.1
1527,5537,1267.458,1264.976,132.78,27541,107,0,1.08
1528,5538,1293.936,1279.182,137.37,28466,95,0,1.1
1529,5745,1291.622,1285.094,136.41,15127,93,0,1.68
1530,5747,1297.647,1283.579,137.1,15631,86,0,1.59
1531,5748,1278.448,1265.616,130,14156,110,0,1.59
1532,5751,1287.173,1284.78,134.94,15101,92,0,1.58
1533,5752,1272.346,1279.915,133.07,14389,106,0,1.63
1534,6259,1264.455,1297.042,133.07,19976,103,0,1.31
1535,6260,1273.96,1283.384,127.7,11083,114,0,1.84
1536,6261,1284.16,1294.791,132.09,19937,106,0,1.31
1537,6262,1267.462,1276.049,139.29,22010,83,0,1.3
1538,6263,1281.993,1281.723,133.23,20197,105,0,1.31
1539,6265,1263.099,1269.475,133.52,20405,104,0,1.3
1540,6266,1293.951,1274.915,138.98,21911,80,0,1.3
1541,6267,1300.321,1282.589,131.1,19436,114,0,1.33
1542,6268,1272.085,1270.053,131.73,19819,108,0,1.31
1543,6269,1272.268,1284.862,133.21,19823,115,0,1.34
1544,6270,1282.845,1274.311,133.75,19996,110,0,1.35
1545,6271,1290.433,1288.704,134.72,21497,85,0,1.25
1546,6272,1275.537,1277.473,131.54,19900,111,0,1.31
1547,6273,1277.045,1258.252,134.55,20667,103,0,0.8
1548,6274,1277.761,1275.242,134.01,20755,101,0,1.29
1549,6275,1284.917,1287.799,134.87,20136,110,0,1.35
1550,2303,1260.351,1259.872,133.88,9979,94,0,2.13
1551,5749,1273.956,1283.866,135.26,14699,100,0,1.64
1552,5750,1284.564,1274.775,131.3,14723,102,0,1.56
1553,5753,1263.812,1267.261,137.31,15154,90,0,1.62
1554,6264,1280.006,1282.934,135.61,21167,92,0,1.29
1555,490,1284.565,1293.681,134.79,33386,108,0,1
1556,497,1285.061,1279.247,131.61,32886,117,0,0.98
1557,972,1291.312,1267.25,133.42,8784,95,0,2.27
1558,3627,1275.24,1279.304,134.59,16858,93,0,1.51
1559,3630,1271.721,1271.848,136.94,17355,90,0,1.53
1560,3948,1271.591,1260.667,132.75,25300,121,0,1.17
1561,3629,1268.161,1274.805,138.24,17566,82,0,1.49
1562,469,1270.57,1286.34,134.61,33638,106,0,0.99
1563,470,1271.899,1288.696,132.56,16803,109,0,1.49
1564,471,1285.876,1279.682,132.9,32773,121,0,1
1565,472,1276.765,1274.344,135.85,34254,97,0,0.99
1566,473,1284.877,1280.526,135.81,34476,97,0,0.98
1567,474,1278.633,1262.203,134.93,34010,102,0,0.98
1568,475,1266.058,1286.346,134.41,33741,103,0,0.98
1569,476,1292.644,1263.25,135.37,34349,101,0,0.98
1570,477,1292.124,1271.05,135.62,33820,110,0,1
1571,478,1275.772,1281.248,134.18,33349,111,0,1
1572,479,1286.782,1279.703,132.43,32605,115,0,0.99
1573,480,1275.555,1274.572,132.44,33275,113,0,0.98
1574,481,1281.389,1281.823,130.57,31761,134,0,1
1575,482,1292.245,1283.234,136.49,34932,90,0,0.93
1576,483,1278.498,1282.399,136.54,34808,88,0,0.98
1577,484,1291.593,1278.775,133.52,33758,114,0,0.98
1578,485,1274.742,1275.556,135.78,34034,102,0,0.99
1579,486,1265.123,1269.006,132.76,32753,121,0,0.99
1580,487,1291.705,1282.004,132.46,32844,112,0,0.98
1581,488,1283.859,1266.461,132.81,33399,116,0,1
1582,489,1293.302,1276.459,133.75,33206,115,0,0.99
1583,491,1284.465,1271.501,134.35,33936,107,0,0.98
1584,492,1280.052,1284.882,133.38,34023,99,0,0.96
1585,493,1279.464,1297.548,133.76,33313,118,0,1.02
1586,494,1269.031,1280.83,134.2,33767,112,0,0.98
1587,495,1282.106,1273.66,133.76,33866,105,0,0.97
1588,496,1282.443,1274.3,135.15,34197,100,0,0.98
1589,498,1264.564,1270.468,135.03,34020,107,0,0.99
1590,499,1289.842,1286.423,135.47,33943,105,0,1.02
1591,500,1292.488,1284.078,130.58,32288,129,0,0.99
1592,501,1272.984,1273.626,131.11,32116,133,0,0.99
1593,502,1286.554,1287.723,133.16,33854,108,0,0.97
1594,503,1280.317,1273.954,131.49,32547,126,0,0.99
1595,504,1280.696,1269.799,137.34,34633,94,0,1
1596,505,1289,1276.449,133.02,32898,125,0,1
1597,506,1267.878,1275.391,130.39,32118,138,0,0.99
1598,969,1278.632,1264.552,129.85,8100,101,0,2.35
1599,971,1290.649,1275.054,132.88,8156,102,0,2.4
1600,973,1268.063,1279.06,135.29,8619,100,0,2.37
1601,974,1279.34,1297.454,133.7,8649,93,0,2.29
1602,3945,1276.401,1277.136,132.22,25377,112,0,1.17
1603,3946,1251.456,1282.853,129.9,12114,106,0,1.77
1604,3947,1286.147,1279.913,135.92,26525,97,0,1.18
1605,3949,1271.674,1270.377,134.57,26326,102,0,1.14
1606,3950,1292.165,1271.173,136.37,26387,104,0,1.17
1607,3951,1273.968,1271.09,134.54,27013,101,0,1.12
1608,4875,1277.253,1278.785,131.81,20160,118,0,1.33
1609,4876,1296.063,1288.995,139.69,11878,85,0,1.96
1610,4877,1290.757,1283.747,133.33,21238,96,0,1.33
1611,4878,1291.197,1290.503,134.87,21694,96,0,1.3
1612,4879,1273.959,1270.661,135.24,21085,103,0,1.32
1613,4880,1282.79,1292.576,134.19,21337,99,0,1.3
1614,4881,1273.671,1266.723,129.53,19858,125,0,1.31
1615,4882,1273.75,1281.991,132.49,20903,104,0,1.28
1616,4883,1264.867,1270.817,138.17,21968,87,0,1.31
1617,4884,1266.728,1265.952,133.29,20383,111,0,1.33
1618,4885,1289.327,1278.241,136.11,21030,106,0,1.48
1619,5049,1293.818,1278.172,138.14,19944,93,0,1.4
1620,5050,1276.689,1272.125,136.38,15757,98,0,1.63
1621,5051,1279.737,1299.554,132.03,18822,109,0,1.37
1622,5052,1272.998,1295.157,136.41,20255,88,0,1.35
1623,5053,1293.465,1282.439,134.43,19056,102,0,1.4
1624,1748,1269.709,1295.494,130.59,8930,104,0,2.18
1625,444,1271.914,1263.943,134.27,19083,101,0,1.37
1626,447,1271.574,1296.359,130.09,17639,121,0,1.4
1627,448,1280.146,1282.287,136.79,20073,91,0,1.35
1628,449,1272.328,1266.379,132.94,18670,113,0,1.36
1629,450,1276.694,1277.695,139.19,20230,83,0,1.37
1630,452,1281.17,1261.163,131.89,18547,113,0,1.38
1631,453,1276.955,1285.594,130.51,18278,116,0,1.38
1632,454,1279.51,1290.188,134.22,19672,101,0,1.34
1633,455,1262.436,1264.765,135.74,19398,103,0,1.39
1634,456,1274.538,1269.058,134.34,18459,113,0,1.42
1635,457,1289.492,1262.507,126.89,17485,128,0,1.37
1636,458,1277.471,1297.176,130.95,18139,119,0,1.39
1637,459,1266.134,1299.143,132.69,18329,108,0,1.4
1638,460,1273.627,1261.47,139.01,20480,89,0,1.37
1639,461,1283.924,1292.97,136.08,19827,91,0,1.35
1640,462,1284.753,1296.556,128.54,17860,124,0,1.37
1641,464,1289.067,1283.649,137.65,19435,100,0,1.41
1642,1702,1284.939,1277.457,131.76,29819,117,0,1.03
1643,1703,1289.504,1269.383,130.63,28965,130,0,1.04
1644,1704,1292.192,1280.655,132.76,29932,118,0,1.04
1645,1705,1276.752,1284.78,135.78,31783,92,0,1.01
1646,1706,1275.156,1275.57,133.53,30854,116,0,1.03
1647,1745,1280.547,1266.209,136.87,9527,93,0,2.21
1648,1746,1289.846,1276.702,140.9,5917,81,0,3.27
1649,1747,1278.345,1274.027,133.13,8987,101,0,2.3
1650,1749,1266.762,1272.041,132.01,8911,106,0,2.23
1651,1750,1268.77,1278.658,139.17,10071,89,0,2.17
1652,1751,1274.713,1279.234,139.82,10068,88,0,2.27
1653,1752,1282.765,1287.901,142.47,10628,83,0,2.26
1654,1753,1274.516,1281.426,139.81,10294,79,0,2.11
1655,1754,1276.592,1283.888,133.84,9512,92,0,2.23
1656,2269,1269.373,1278.034,135.66,28447,111,0,1.1
1657,4067,1280.097,1289.473,132.87,31261,112,0,1.01
1658,4068,1276.791,1282.883,129.75,15458,113,0,1.51
1659,4069,1278.722,1280.162,132.67,31339,114,0,1
1660,5022,1276.66,1273.79,132.18,17573,104,0,1.41
1661,5194,1287.179,1268.283,133.52,15400,91,0,1.62
1662,5195,1284.952,1286.942,133.59,6605,101,0,2.79
1663,5196,1304.34,1273.488,134.44,15400,100,0,1.57
1664,5197,1269.431,1278.504,134.72,14890,103,0,1.62
1665,5198,1278.906,1287.772,129.7,14403,111,0,1.58
1666,5199,1273.916,1275.834,136.5,15650,98,0,1.59
1667,5200,1281.829,1275.287,133.57,15579,102,0,1.64
1668,5202,1267.219,1279.485,132.32,15014,102,0,1.56
1669,5203,1273.114,1272.996,137.11,16179,84,0,1.52
1670,5204,1269.564,1273.14,130.84,14744,112,0,1.58
1671,5595,1270.38,1274.861,136.7,28570,88,0,1.08
1672,5596,1272.119,1279.3,133.74,23896,98,0,1.18
1673,5597,1283.673,1277.11,133.79,26817,114,0,1.12
1674,5598,1256.557,1277.964,132.44,26345,116,0,1.11
1675,5599,1296.754,1279.802,129.21,25594,135,0,1.1
1676,446,1286.346,1286.448,133.83,19397,103,0,1.33
1677,451,1281.998,1278.431,133.85,19095,102,0,1.37
1678,463,1274.594,1267.389,137,20088,89,0,1.36
1679,465,1290.993,1282.631,139.07,20396,79,0,1.35
1680,2268,1279.803,1291.978,126.51,7714,117,0,2.35
1681,5201,1282.677,1291.137,133.91,15028,109,0,1.61
1682,903,1288.498,1274.975,134.6,12207,106,0,1.91
1683,918,1284.199,1287.531,135.55,12720,98,0,1.87
1684,2644,1283.215,1287.896,131.64,15748,109,0,1.56
1685,2656,1282.034,1282.246,132.33,15479,111,0,1.61
1686,4073,1290.381,1265.12,132.87,21595,109,0,1.31
1687,892,1273.646,1290.754,129.3,11410,112,0,1.88
1688,896,1293.736,1290.297,133.32,12223,108,0,1.87
1689,2654,1280.959,1274.182,140.55,16755,83,0,1.62
1690,4075,1277.189,1284.776,136.42,22518,94,0,1.29
1691,895,1287.9,1262.189,132.99,11979,105,0,1.89
1692,902,1272.632,1292.673,136.31,12922,90,0,1.82
1693,907,1290.215,1280.941,137.7,12636,95,0,1.9
1694,908,1271.272,1274.874,131.28,11939,103,0,1.83
1695,909,1282.431,1272.057,135.61,12705,92,0,1.85
1696,916,1265.835,1281.051,130.21,11892,108,0,1.83
1697,1357,1270.543,1270.482,138.48,8880,89,0,2.4
1698,1359,1287.581,1265.254,128.17,7347,110,0,2.49
1699,1361,1296.633,1271.567,126.66,7530,107,0,2.39
1700,2647,1255.446,1276.766,132.61,15150,107,0,1.6
1701,2657,1280.417,1294.11,134.62,16224,101,0,1.55
1702,4068,1285.599,1272.752,133.57,21851,108,0,1.29
1703,4069,1296.551,1291.322,133.73,19823,92,0,1.35
1704,4070,1283.718,1277.516,136.64,22522,94,0,1.3
1705,4071,1265.703,1278.534,131.89,21264,106,0,1.28
1706,4072,1290.77,1279.136,133.13,21437,101,0,1.28
1707,4079,1296.761,1277.918,135.65,22875,92,0,1.27
1708,4080,1281.363,1270.601,132.09,21251,112,0,1.3
1709,4081,1272.723,1290.336,136.12,22519,95,0,1.29
1710,4082,1296.117,1286.89,134.13,21517,110,0,1.31
1711,893,1290.779,1275.089,135.61,12702,93,0,1.82
1712,894,1287.59,1277.07,132.03,12208,95,0,1.82
1713,897,1290.355,1281.256,135.96,12873,93,0,1.83
1714,898,1282.826,1265.142,129.49,11962,106,0,1.8
1715,899,1293.843,1284.313,134.73,12001,102,0,1.92
1716,900,1281.213,1296.307,131.16,11793,106,0,1.86
1717,901,1258.362,1276.565,132.13,12213,106,0,1.8
1718,904,1303.478,1284.506,138.48,13141,82,0,1.8
1719,905,1275.967,1284.574,140.98,13042,89,0,1.92
1720,906,1291.058,1280.705,131.83,12020,102,0,1.83
1721,910,1266.16,1274.461,134.63,12348,90,0,1.88
1722,911,1254.41,1266.119,132.88,12329,99,0,1.96
1723,912,1282.909,1274.574,135.15,12482,103,0,1.88
1724,913,1286.168,1282.908,135.06,12668,95,0,1.83
1725,914,1288.808,1278.685,133.67,12462,89,0,1.83
1726,915,1273.615,1279.312,137.64,13135,82,0,1.83
1727,917,1269.771,1273.44,132.68,12098,105,0,1.86
1728,1355,1256.967,1280.04,134.74,8790,89,0,2.29
1729,1358,1287.792,1295.775,135.46,8475,95,0,2.41
1730,1360,1266.947,1277.62,136.16,8435,94,0,2.49
1731,1362,1276.682,1290.693,140.02,8953,90,0,2.5
1732,2645,1265.578,1286.556,137.13,16223,92,0,1.59
1733,2646,1274.491,1285.353,135.39,15810,97,0,1.6
1734,2648,1263.037,1268.481,132.24,15512,102,0,1.51
1735,2649,1280.813,1271.39,137.97,16796,85,0,1.58
1736,2650,1272.384,1292.316,133.1,15498,105,0,1.59
1737,2651,1268.161,1282.42,131.91,15244,104,0,1.57
1738,2652,1289.023,1293.309,133.28,15345,105,0,1.63
1739,2653,1292.682,1279.233,134.22,15757,98,0,1.57
1740,2655,1283.657,1280.113,133.61,15531,109,0,1.59
1741,2658,1286.758,1282.93,135.04,16413,95,0,1.54
1742,4074,1287.41,1297.604,137.14,22069,98,0,1.33
1743,4076,1285.769,1287.433,130.85,20966,121,0,1.31
1744,4077,1272.311,1285.244,135.2,22376,97,0,1.31
1745,4078,1287.895,1286.084,132.53,21411,113,0,1.3
